-- Player
INSERT INTO Player (Player_ID, name, position)
VALUES ('5', 'Anthony Edwards', 'Guard');

INSERT INTO Player (Player_ID, name, position)
VALUES ('27', 'Rudy Gobert', 'Center');

INSERT INTO Player (Player_ID, name, position)
VALUES ('32', 'Karl-Anthony Towns', 'Forward');

INSERT INTO Player (Player_ID, name, position)
VALUES ('3', 'Jaden McDaniels', 'Forward');

INSERT INTO Player (Player_ID, name, position)
VALUES ('10', 'Mike Conley', 'Guard');

INSERT INTO Player (Player_ID, name, position)
VALUES ('11', 'Naz Reid', 'Center');

-- Player Profile
Insert into PLAYERPROFILE (PLAYER_ID,HEIGHT,NICKNAME,HOMETOWN,DRAFT_YEAR,COLLEGE) 
values (5,'6''4"','Ant-Man','Atlanta, GA',2020,'Georgia');

Insert into PLAYERPROFILE (PLAYER_ID,HEIGHT,NICKNAME,HOMETOWN,DRAFT_YEAR,COLLEGE) 
values (27,'7''1"','The Stifle Tower','Saint-Quentin, FR',2013,null);

Insert into PLAYERPROFILE (PLAYER_ID,HEIGHT,NICKNAME,HOMETOWN,DRAFT_YEAR,COLLEGE) 
values (32,'7''0"','KAT','Edison, NJ',2015,'Kentucky');

Insert into PLAYERPROFILE (PLAYER_ID,HEIGHT,NICKNAME,HOMETOWN,DRAFT_YEAR,COLLEGE) 
values (3,'6''9"','Seatbelt','Seattle, WA',2020,'Washington');

Insert into PLAYERPROFILE (PLAYER_ID,HEIGHT,NICKNAME,HOMETOWN,DRAFT_YEAR,COLLEGE) 
values (10,'6''0"','Money Mike','Fayetteville, AR',2007,'Ohio State');

Insert into PLAYERPROFILE (PLAYER_ID,HEIGHT,NICKNAME,HOMETOWN,DRAFT_YEAR,COLLEGE) 
values (11,'6''10"','Big Jelly','Asbury, Park, NJ',2019,'LSU');

-- Games
--Row 1
INSERT INTO GAMES (GAME_ID, GAME_DATE, OPPONENT, LOCATION, RESULT) VALUES (1,to_date('2023-10-25', 'YYYY-MM-DD'),'TOR','AWAY','L');
--Row 2
INSERT INTO GAMES (GAME_ID, GAME_DATE, OPPONENT, LOCATION, RESULT) VALUES (2,to_date('2023-10-28', 'YYYY-MM-DD'),'MIA','HOME','W');
--Row 3
INSERT INTO GAMES (GAME_ID, GAME_DATE, OPPONENT, LOCATION, RESULT) VALUES (3,to_date('2023-10-30', 'YYYY-MM-DD'),'ATL','AWAY','L');
--Row 4
INSERT INTO GAMES (GAME_ID, GAME_DATE, OPPONENT, LOCATION, RESULT) VALUES (4,to_date('2023-11-01', 'YYYY-MM-DD'),'DEN','HOME','W');
--Row 5
INSERT INTO GAMES (GAME_ID, GAME_DATE, OPPONENT, LOCATION, RESULT) VALUES (5,to_date('2023-11-04', 'YYYY-MM-DD'),'UTA','HOME','W');
--Row 6
INSERT INTO GAMES (GAME_ID, GAME_DATE, OPPONENT, LOCATION, RESULT) VALUES (6,to_date('2023-11-06', 'YYYY-MM-DD'),'BOS','HOME','W');
--Row 7
INSERT INTO GAMES (GAME_ID, GAME_DATE, OPPONENT, LOCATION, RESULT) VALUES (7,to_date('2023-11-08', 'YYYY-MM-DD'),'NOP','HOME','W');
--Row 8
INSERT INTO GAMES (GAME_ID, GAME_DATE, OPPONENT, LOCATION, RESULT) VALUES (8,to_date('2023-11-10', 'YYYY-MM-DD'),'SAS','AWAY','W');
--Row 9
INSERT INTO GAMES (GAME_ID, GAME_DATE, OPPONENT, LOCATION, RESULT) VALUES (9,to_date('2023-11-12', 'YYYY-MM-DD'),'GSW','AWAY','W');
--Row 10
INSERT INTO GAMES (GAME_ID, GAME_DATE, OPPONENT, LOCATION, RESULT) VALUES (10,to_date('2023-11-14', 'YYYY-MM-DD'),'GSW','AWAY','W');
--Row 11
INSERT INTO GAMES (GAME_ID, GAME_DATE, OPPONENT, LOCATION, RESULT) VALUES (11,to_date('2023-11-15', 'YYYY-MM-DD'),'PHO','AWAY','L');
--Row 12
INSERT INTO GAMES (GAME_ID, GAME_DATE, OPPONENT, LOCATION, RESULT) VALUES (12,to_date('2023-11-18', 'YYYY-MM-DD'),'NOP','AWAY','W');
--Row 13
INSERT INTO GAMES (GAME_ID, GAME_DATE, OPPONENT, LOCATION, RESULT) VALUES (13,to_date('2023-11-20', 'YYYY-MM-DD'),'NYK','HOME','W');
--Row 14
INSERT INTO GAMES (GAME_ID, GAME_DATE, OPPONENT, LOCATION, RESULT) VALUES (14,to_date('2023-11-22', 'YYYY-MM-DD'),'PHI','HOME','W');
--Row 15
INSERT INTO GAMES (GAME_ID, GAME_DATE, OPPONENT, LOCATION, RESULT) VALUES (15,to_date('2023-11-24', 'YYYY-MM-DD'),'SAC','HOME','L');
--Row 16
INSERT INTO GAMES (GAME_ID, GAME_DATE, OPPONENT, LOCATION, RESULT) VALUES (16,to_date('2023-11-26', 'YYYY-MM-DD'),'MEM','AWAY','W');
--Row 17
INSERT INTO GAMES (GAME_ID, GAME_DATE, OPPONENT, LOCATION, RESULT) VALUES (17,to_date('2023-11-28', 'YYYY-MM-DD'),'OKC','HOME','W');
--Row 18
INSERT INTO GAMES (GAME_ID, GAME_DATE, OPPONENT, LOCATION, RESULT) VALUES (18,to_date('2023-11-30', 'YYYY-MM-DD'),'UTA','HOME','W');
--Row 19
INSERT INTO GAMES (GAME_ID, GAME_DATE, OPPONENT, LOCATION, RESULT) VALUES (19,to_date('2023-12-02', 'YYYY-MM-DD'),'CHO','AWAY','W');
--Row 20
INSERT INTO GAMES (GAME_ID, GAME_DATE, OPPONENT, LOCATION, RESULT) VALUES (20,to_date('2023-12-06', 'YYYY-MM-DD'),'SAS','HOME','W');
--Row 21
INSERT INTO GAMES (GAME_ID, GAME_DATE, OPPONENT, LOCATION, RESULT) VALUES (21,to_date('2023-12-08', 'YYYY-MM-DD'),'MEM','AWAY','W');
--Row 22
INSERT INTO GAMES (GAME_ID, GAME_DATE, OPPONENT, LOCATION, RESULT) VALUES (22,to_date('2023-12-11', 'YYYY-MM-DD'),'NOP','AWAY','L');
--Row 23
INSERT INTO GAMES (GAME_ID, GAME_DATE, OPPONENT, LOCATION, RESULT) VALUES (23,to_date('2023-12-14', 'YYYY-MM-DD'),'DAL','AWAY','W');
--Row 24
INSERT INTO GAMES (GAME_ID, GAME_DATE, OPPONENT, LOCATION, RESULT) VALUES (24,to_date('2023-12-16', 'YYYY-MM-DD'),'IND','HOME','W');
--Row 25
INSERT INTO GAMES (GAME_ID, GAME_DATE, OPPONENT, LOCATION, RESULT) VALUES (25,to_date('2023-12-18', 'YYYY-MM-DD'),'MIA','AWAY','W');
--Row 26
INSERT INTO GAMES (GAME_ID, GAME_DATE, OPPONENT, LOCATION, RESULT) VALUES (26,to_date('2023-12-20', 'YYYY-MM-DD'),'PHI','AWAY','L');
--Row 27
INSERT INTO GAMES (GAME_ID, GAME_DATE, OPPONENT, LOCATION, RESULT) VALUES (27,to_date('2023-12-21', 'YYYY-MM-DD'),'LAL','HOME','W');
--Row 28
INSERT INTO GAMES (GAME_ID, GAME_DATE, OPPONENT, LOCATION, RESULT) VALUES (28,to_date('2023-12-23', 'YYYY-MM-DD'),'SAC','AWAY','W');
--Row 29
INSERT INTO GAMES (GAME_ID, GAME_DATE, OPPONENT, LOCATION, RESULT) VALUES (29,to_date('2023-12-26', 'YYYY-MM-DD'),'OKC','AWAY','L');
--Row 30
INSERT INTO GAMES (GAME_ID, GAME_DATE, OPPONENT, LOCATION, RESULT) VALUES (30,to_date('2023-12-28', 'YYYY-MM-DD'),'DAL','HOME','W');
--Row 31
INSERT INTO GAMES (GAME_ID, GAME_DATE, OPPONENT, LOCATION, RESULT) VALUES (31,to_date('2023-12-30', 'YYYY-MM-DD'),'LAL','HOME','W');
--Row 32
INSERT INTO GAMES (GAME_ID, GAME_DATE, OPPONENT, LOCATION, RESULT) VALUES (32,to_date('2024-01-01', 'YYYY-MM-DD'),'NYK','AWAY','L');
--Row 33
INSERT INTO GAMES (GAME_ID, GAME_DATE, OPPONENT, LOCATION, RESULT) VALUES (33,to_date('2024-01-03', 'YYYY-MM-DD'),'NOP','HOME','L');
--Row 34
INSERT INTO GAMES (GAME_ID, GAME_DATE, OPPONENT, LOCATION, RESULT) VALUES (34,to_date('2024-01-05', 'YYYY-MM-DD'),'HOU','AWAY','W');
--Row 35
INSERT INTO GAMES (GAME_ID, GAME_DATE, OPPONENT, LOCATION, RESULT) VALUES (35,to_date('2024-01-07', 'YYYY-MM-DD'),'DAL','AWAY','L');
--Row 36
INSERT INTO GAMES (GAME_ID, GAME_DATE, OPPONENT, LOCATION, RESULT) VALUES (36,to_date('2024-01-09', 'YYYY-MM-DD'),'ORL','AWAY','W');
--Row 37
INSERT INTO GAMES (GAME_ID, GAME_DATE, OPPONENT, LOCATION, RESULT) VALUES (37,to_date('2024-01-10', 'YYYY-MM-DD'),'BOS','AWAY','L');
--Row 38
INSERT INTO GAMES (GAME_ID, GAME_DATE, OPPONENT, LOCATION, RESULT) VALUES (38,to_date('2024-01-12', 'YYYY-MM-DD'),'POR','HOME','W');
--Row 39
INSERT INTO GAMES (GAME_ID, GAME_DATE, OPPONENT, LOCATION, RESULT) VALUES (39,to_date('2024-01-14', 'YYYY-MM-DD'),'LAC','HOME','W');
--Row 40
INSERT INTO GAMES (GAME_ID, GAME_DATE, OPPONENT, LOCATION, RESULT) VALUES (40,to_date('2024-01-17', 'YYYY-MM-DD'),'DET','AWAY','W');
--Row 41
INSERT INTO GAMES (GAME_ID, GAME_DATE, OPPONENT, LOCATION, RESULT) VALUES (41,to_date('2024-01-18', 'YYYY-MM-DD'),'MEM','HOME','W');
--Row 42
INSERT INTO GAMES (GAME_ID, GAME_DATE, OPPONENT, LOCATION, RESULT) VALUES (42,to_date('2024-01-20', 'YYYY-MM-DD'),'OKC','HOME','L');
--Row 43
INSERT INTO GAMES (GAME_ID, GAME_DATE, OPPONENT, LOCATION, RESULT) VALUES (43,to_date('2024-01-22', 'YYYY-MM-DD'),'CHO','HOME','L');
--Row 44
INSERT INTO GAMES (GAME_ID, GAME_DATE, OPPONENT, LOCATION, RESULT) VALUES (44,to_date('2024-01-24', 'YYYY-MM-DD'),'WAS','AWAY','W');
--Row 45
INSERT INTO GAMES (GAME_ID, GAME_DATE, OPPONENT, LOCATION, RESULT) VALUES (45,to_date('2024-01-25', 'YYYY-MM-DD'),'BRK','AWAY','W');
--Row 46
INSERT INTO GAMES (GAME_ID, GAME_DATE, OPPONENT, LOCATION, RESULT) VALUES (46,to_date('2024-01-27', 'YYYY-MM-DD'),'SAS','AWAY','L');
--Row 47
INSERT INTO GAMES (GAME_ID, GAME_DATE, OPPONENT, LOCATION, RESULT) VALUES (47,to_date('2024-01-29', 'YYYY-MM-DD'),'OKC','AWAY','W');
--Row 48
INSERT INTO GAMES (GAME_ID, GAME_DATE, OPPONENT, LOCATION, RESULT) VALUES (48,to_date('2024-01-31', 'YYYY-MM-DD'),'DAL','HOME','W');
--Row 49
INSERT INTO GAMES (GAME_ID, GAME_DATE, OPPONENT, LOCATION, RESULT) VALUES (49,to_date('2024-02-02', 'YYYY-MM-DD'),'ORL','HOME','L');
--Row 50
INSERT INTO GAMES (GAME_ID, GAME_DATE, OPPONENT, LOCATION, RESULT) VALUES (50,to_date('2024-02-04', 'YYYY-MM-DD'),'HOU','HOME','W');
--Row 51
INSERT INTO GAMES (GAME_ID, GAME_DATE, OPPONENT, LOCATION, RESULT) VALUES (51,to_date('2024-02-06', 'YYYY-MM-DD'),'CHI','AWAY','L');
--Row 52
INSERT INTO GAMES (GAME_ID, GAME_DATE, OPPONENT, LOCATION, RESULT) VALUES (52,to_date('2024-02-08', 'YYYY-MM-DD'),'MIL','AWAY','W');
--Row 53
INSERT INTO GAMES (GAME_ID, GAME_DATE, OPPONENT, LOCATION, RESULT) VALUES (53,to_date('2024-02-12', 'YYYY-MM-DD'),'LAC','AWAY','W');
--Row 54
INSERT INTO GAMES (GAME_ID, GAME_DATE, OPPONENT, LOCATION, RESULT) VALUES (54,to_date('2024-02-13', 'YYYY-MM-DD'),'POR','AWAY','W');
--Row 55
INSERT INTO GAMES (GAME_ID, GAME_DATE, OPPONENT, LOCATION, RESULT) VALUES (55,to_date('2024-02-15', 'YYYY-MM-DD'),'POR','AWAY','W');
--Row 56
INSERT INTO GAMES (GAME_ID, GAME_DATE, OPPONENT, LOCATION, RESULT) VALUES (56,to_date('2024-02-23', 'YYYY-MM-DD'),'MIL','HOME','L');
--Row 57
INSERT INTO GAMES (GAME_ID, GAME_DATE, OPPONENT, LOCATION, RESULT) VALUES (57,to_date('2024-02-24', 'YYYY-MM-DD'),'BRK','HOME','W');
--Row 58
INSERT INTO GAMES (GAME_ID, GAME_DATE, OPPONENT, LOCATION, RESULT) VALUES (58,to_date('2024-02-27', 'YYYY-MM-DD'),'SAS','HOME','W');
--Row 59
INSERT INTO GAMES (GAME_ID, GAME_DATE, OPPONENT, LOCATION, RESULT) VALUES (59,to_date('2024-02-28', 'YYYY-MM-DD'),'MEM','HOME','W');
--Row 60
INSERT INTO GAMES (GAME_ID, GAME_DATE, OPPONENT, LOCATION, RESULT) VALUES (60,to_date('2024-03-01', 'YYYY-MM-DD'),'SAC','HOME','L');
--Row 61
INSERT INTO GAMES (GAME_ID, GAME_DATE, OPPONENT, LOCATION, RESULT) VALUES (61,to_date('2024-03-03', 'YYYY-MM-DD'),'LAC','HOME','L');
--Row 62
INSERT INTO GAMES (GAME_ID, GAME_DATE, OPPONENT, LOCATION, RESULT) VALUES (62,to_date('2024-03-04', 'YYYY-MM-DD'),'POR','HOME','W');
--Row 63
INSERT INTO GAMES (GAME_ID, GAME_DATE, OPPONENT, LOCATION, RESULT) VALUES (63,to_date('2024-03-07', 'YYYY-MM-DD'),'IND','AWAY','W');
--Row 64
INSERT INTO GAMES (GAME_ID, GAME_DATE, OPPONENT, LOCATION, RESULT) VALUES (64,to_date('2024-03-08', 'YYYY-MM-DD'),'CLE','AWAY','L');
--Row 65
INSERT INTO GAMES (GAME_ID, GAME_DATE, OPPONENT, LOCATION, RESULT) VALUES (65,to_date('2024-03-10', 'YYYY-MM-DD'),'LAL','AWAY','L');
--Row 66
INSERT INTO GAMES (GAME_ID, GAME_DATE, OPPONENT, LOCATION, RESULT) VALUES (66,to_date('2024-03-12', 'YYYY-MM-DD'),'LAC','AWAY','W');
--Row 67
INSERT INTO GAMES (GAME_ID, GAME_DATE, OPPONENT, LOCATION, RESULT) VALUES (67,to_date('2024-03-16', 'YYYY-MM-DD'),'UTA','AWAY','W');
--Row 68
INSERT INTO GAMES (GAME_ID, GAME_DATE, OPPONENT, LOCATION, RESULT) VALUES (68,to_date('2024-03-18', 'YYYY-MM-DD'),'UTA','AWAY','W');
--Row 69
INSERT INTO GAMES (GAME_ID, GAME_DATE, OPPONENT, LOCATION, RESULT) VALUES (69,to_date('2024-03-19', 'YYYY-MM-DD'),'DEN','HOME','L');
--Row 70
INSERT INTO GAMES (GAME_ID, GAME_DATE, OPPONENT, LOCATION, RESULT) VALUES (70,to_date('2024-03-22', 'YYYY-MM-DD'),'CLE','HOME','W');
--Row 71
INSERT INTO GAMES (GAME_ID, GAME_DATE, OPPONENT, LOCATION, RESULT) VALUES (71,to_date('2024-03-24', 'YYYY-MM-DD'),'GSW','HOME','W');
--Row 72
INSERT INTO GAMES (GAME_ID, GAME_DATE, OPPONENT, LOCATION, RESULT) VALUES (72,to_date('2024-03-27', 'YYYY-MM-DD'),'DET','HOME','W');
--Row 73
INSERT INTO GAMES (GAME_ID, GAME_DATE, OPPONENT, LOCATION, RESULT) VALUES (73,to_date('2024-03-29', 'YYYY-MM-DD'),'DEN','AWAY','W');
--Row 74
INSERT INTO GAMES (GAME_ID, GAME_DATE, OPPONENT, LOCATION, RESULT) VALUES (74,to_date('2024-03-31', 'YYYY-MM-DD'),'CHI','HOME','L');
--Row 75
INSERT INTO GAMES (GAME_ID, GAME_DATE, OPPONENT, LOCATION, RESULT) VALUES (75,to_date('2024-04-02', 'YYYY-MM-DD'),'HOU','HOME','W');
--Row 76
INSERT INTO GAMES (GAME_ID, GAME_DATE, OPPONENT, LOCATION, RESULT) VALUES (76,to_date('2024-04-03', 'YYYY-MM-DD'),'TOR','HOME','W');
--Row 77
INSERT INTO GAMES (GAME_ID, GAME_DATE, OPPONENT, LOCATION, RESULT) VALUES (77,to_date('2024-04-05', 'YYYY-MM-DD'),'PHO','AWAY','L');
--Row 78
INSERT INTO GAMES (GAME_ID, GAME_DATE, OPPONENT, LOCATION, RESULT) VALUES (78,to_date('2024-04-07', 'YYYY-MM-DD'),'LAL','AWAY','W');
--Row 79
INSERT INTO GAMES (GAME_ID, GAME_DATE, OPPONENT, LOCATION, RESULT) VALUES (79,to_date('2024-04-09', 'YYYY-MM-DD'),'WAS','HOME','W');
--Row 80
INSERT INTO GAMES (GAME_ID, GAME_DATE, OPPONENT, LOCATION, RESULT) VALUES (80,to_date('2024-04-10', 'YYYY-MM-DD'),'DEN','AWAY','L');
--Row 81
INSERT INTO GAMES (GAME_ID, GAME_DATE, OPPONENT, LOCATION, RESULT) VALUES (81,to_date('2024-04-12', 'YYYY-MM-DD'),'ATL','HOME','W');
--Row 82
INSERT INTO GAMES (GAME_ID, GAME_DATE, OPPONENT, LOCATION, RESULT) VALUES (82,to_date('2024-04-14', 'YYYY-MM-DD'),'PHO','HOME','L');

-- Player Stats

-- Anthony Edwards
--Row 1
INSERT INTO PLAYERSTATS (GAME_ID, PLAYER_ID, POINTS, REBOUNDS, ASSISTS) VALUES (1,5,26,14,1);
--Row 2
INSERT INTO PLAYERSTATS (GAME_ID, PLAYER_ID, POINTS, REBOUNDS, ASSISTS) VALUES (2,5,19,2,7);
--Row 3
INSERT INTO PLAYERSTATS (GAME_ID, PLAYER_ID, POINTS, REBOUNDS, ASSISTS) VALUES (3,5,31,5,7);
--Row 4
INSERT INTO PLAYERSTATS (GAME_ID, PLAYER_ID, POINTS, REBOUNDS, ASSISTS) VALUES (4,5,24,2,1);
--Row 5
INSERT INTO PLAYERSTATS (GAME_ID, PLAYER_ID, POINTS, REBOUNDS, ASSISTS) VALUES (5,5,31,8,6);
--Row 6
INSERT INTO PLAYERSTATS (GAME_ID, PLAYER_ID, POINTS, REBOUNDS, ASSISTS) VALUES (6,5,38,9,7);
--Row 7
INSERT INTO PLAYERSTATS (GAME_ID, PLAYER_ID, POINTS, REBOUNDS, ASSISTS) VALUES (7,5,26,3,8);
--Row 8
INSERT INTO PLAYERSTATS (GAME_ID, PLAYER_ID, POINTS, REBOUNDS, ASSISTS) VALUES (8,5,28,7,5);
--Row 9
INSERT INTO PLAYERSTATS (GAME_ID, PLAYER_ID, POINTS, REBOUNDS, ASSISTS) VALUES (9,5,33,6,7);
--Row 10
INSERT INTO PLAYERSTATS (GAME_ID, PLAYER_ID, POINTS, REBOUNDS, ASSISTS) VALUES (10,5,20,4,4);
--Row 11
INSERT INTO PLAYERSTATS (GAME_ID, PLAYER_ID, POINTS, REBOUNDS, ASSISTS) VALUES (11,5,13,4,4);
--Row 12
INSERT INTO PLAYERSTATS (GAME_ID, PLAYER_ID, POINTS, REBOUNDS, ASSISTS) VALUES (12,5,23,3,4);
--Row 13
INSERT INTO PLAYERSTATS (GAME_ID, PLAYER_ID, POINTS, REBOUNDS, ASSISTS) VALUES (13,5,23,10,5);
--Row 14
INSERT INTO PLAYERSTATS (GAME_ID, PLAYER_ID, POINTS, REBOUNDS, ASSISTS) VALUES (14,5,31,6,6);
--Row 15
INSERT INTO PLAYERSTATS (GAME_ID, PLAYER_ID, POINTS, REBOUNDS, ASSISTS) VALUES (15,5,35,7,5);
--Row 16
INSERT INTO PLAYERSTATS (GAME_ID, PLAYER_ID, POINTS, REBOUNDS, ASSISTS) VALUES (16,5,24,5,7);
--Row 17
INSERT INTO PLAYERSTATS (GAME_ID, PLAYER_ID, POINTS, REBOUNDS, ASSISTS) VALUES (17,5,21,5,1);
--Row 18
INSERT INTO PLAYERSTATS (GAME_ID, PLAYER_ID, POINTS, REBOUNDS, ASSISTS) VALUES (18,5,NULL,NULL,NULL);
--Row 19
INSERT INTO PLAYERSTATS (GAME_ID, PLAYER_ID, POINTS, REBOUNDS, ASSISTS) VALUES (19,5,NULL,NULL,NULL);
--Row 20
INSERT INTO PLAYERSTATS (GAME_ID, PLAYER_ID, POINTS, REBOUNDS, ASSISTS) VALUES (20,5,17,7,6);
--Row 21
INSERT INTO PLAYERSTATS (GAME_ID, PLAYER_ID, POINTS, REBOUNDS, ASSISTS) VALUES (21,5,0,0,1);
--Row 22
INSERT INTO PLAYERSTATS (GAME_ID, PLAYER_ID, POINTS, REBOUNDS, ASSISTS) VALUES (22,5,NULL,NULL,NULL);
--Row 23
INSERT INTO PLAYERSTATS (GAME_ID, PLAYER_ID, POINTS, REBOUNDS, ASSISTS) VALUES (23,5,9,2,11);
--Row 24
INSERT INTO PLAYERSTATS (GAME_ID, PLAYER_ID, POINTS, REBOUNDS, ASSISTS) VALUES (24,5,37,2,4);
--Row 25
INSERT INTO PLAYERSTATS (GAME_ID, PLAYER_ID, POINTS, REBOUNDS, ASSISTS) VALUES (25,5,32,8,5);
--Row 26
INSERT INTO PLAYERSTATS (GAME_ID, PLAYER_ID, POINTS, REBOUNDS, ASSISTS) VALUES (26,5,27,7,5);
--Row 27
INSERT INTO PLAYERSTATS (GAME_ID, PLAYER_ID, POINTS, REBOUNDS, ASSISTS) VALUES (27,5,27,7,5);
--Row 28
INSERT INTO PLAYERSTATS (GAME_ID, PLAYER_ID, POINTS, REBOUNDS, ASSISTS) VALUES (28,5,34,5,10);
--Row 29
INSERT INTO PLAYERSTATS (GAME_ID, PLAYER_ID, POINTS, REBOUNDS, ASSISTS) VALUES (29,5,25,7,6);
--Row 30
INSERT INTO PLAYERSTATS (GAME_ID, PLAYER_ID, POINTS, REBOUNDS, ASSISTS) VALUES (30,5,44,3,4);
--Row 31
INSERT INTO PLAYERSTATS (GAME_ID, PLAYER_ID, POINTS, REBOUNDS, ASSISTS) VALUES (31,5,31,3,3);
--Row 32
INSERT INTO PLAYERSTATS (GAME_ID, PLAYER_ID, POINTS, REBOUNDS, ASSISTS) VALUES (32,5,35,4,2);
--Row 33
INSERT INTO PLAYERSTATS (GAME_ID, PLAYER_ID, POINTS, REBOUNDS, ASSISTS) VALUES (33,5,35,4,5);
--Row 34
INSERT INTO PLAYERSTATS (GAME_ID, PLAYER_ID, POINTS, REBOUNDS, ASSISTS) VALUES (34,5,24,3,5);
--Row 35
INSERT INTO PLAYERSTATS (GAME_ID, PLAYER_ID, POINTS, REBOUNDS, ASSISTS) VALUES (35,5,36,10,3);
--Row 36
INSERT INTO PLAYERSTATS (GAME_ID, PLAYER_ID, POINTS, REBOUNDS, ASSISTS) VALUES (36,5,6,4,3);
--Row 37
INSERT INTO PLAYERSTATS (GAME_ID, PLAYER_ID, POINTS, REBOUNDS, ASSISTS) VALUES (37,5,29,6,3);
--Row 38
INSERT INTO PLAYERSTATS (GAME_ID, PLAYER_ID, POINTS, REBOUNDS, ASSISTS) VALUES (38,5,9,3,6);
--Row 39
INSERT INTO PLAYERSTATS (GAME_ID, PLAYER_ID, POINTS, REBOUNDS, ASSISTS) VALUES (39,5,33,9,6);
--Row 40
INSERT INTO PLAYERSTATS (GAME_ID, PLAYER_ID, POINTS, REBOUNDS, ASSISTS) VALUES (40,5,27,5,8);
--Row 41
INSERT INTO PLAYERSTATS (GAME_ID, PLAYER_ID, POINTS, REBOUNDS, ASSISTS) VALUES (41,5,28,5,5);
--Row 42
INSERT INTO PLAYERSTATS (GAME_ID, PLAYER_ID, POINTS, REBOUNDS, ASSISTS) VALUES (42,5,19,5,5);
--Row 43
INSERT INTO PLAYERSTATS (GAME_ID, PLAYER_ID, POINTS, REBOUNDS, ASSISTS) VALUES (43,5,9,5,11);
--Row 44
INSERT INTO PLAYERSTATS (GAME_ID, PLAYER_ID, POINTS, REBOUNDS, ASSISTS) VALUES (44,5,38,3,5);
--Row 45
INSERT INTO PLAYERSTATS (GAME_ID, PLAYER_ID, POINTS, REBOUNDS, ASSISTS) VALUES (45,5,24,1,3);
--Row 46
INSERT INTO PLAYERSTATS (GAME_ID, PLAYER_ID, POINTS, REBOUNDS, ASSISTS) VALUES (46,5,32,6,12);
--Row 47
INSERT INTO PLAYERSTATS (GAME_ID, PLAYER_ID, POINTS, REBOUNDS, ASSISTS) VALUES (47,5,27,4,4);
--Row 48
INSERT INTO PLAYERSTATS (GAME_ID, PLAYER_ID, POINTS, REBOUNDS, ASSISTS) VALUES (48,5,9,5,5);
--Row 49
INSERT INTO PLAYERSTATS (GAME_ID, PLAYER_ID, POINTS, REBOUNDS, ASSISTS) VALUES (49,5,22,1,5);
--Row 50
INSERT INTO PLAYERSTATS (GAME_ID, PLAYER_ID, POINTS, REBOUNDS, ASSISTS) VALUES (50,5,32,6,1);
--Row 51
INSERT INTO PLAYERSTATS (GAME_ID, PLAYER_ID, POINTS, REBOUNDS, ASSISTS) VALUES (51,5,38,12,5);
--Row 52
INSERT INTO PLAYERSTATS (GAME_ID, PLAYER_ID, POINTS, REBOUNDS, ASSISTS) VALUES (52,5,26,3,9);
--Row 53
INSERT INTO PLAYERSTATS (GAME_ID, PLAYER_ID, POINTS, REBOUNDS, ASSISTS) VALUES (53,5,23,7,8);
--Row 54
INSERT INTO PLAYERSTATS (GAME_ID, PLAYER_ID, POINTS, REBOUNDS, ASSISTS) VALUES (54,5,41,4,2);
--Row 55
INSERT INTO PLAYERSTATS (GAME_ID, PLAYER_ID, POINTS, REBOUNDS, ASSISTS) VALUES (55,5,34,6,7);
--Row 56
INSERT INTO PLAYERSTATS (GAME_ID, PLAYER_ID, POINTS, REBOUNDS, ASSISTS) VALUES (56,5,28,9,5);
--Row 57
INSERT INTO PLAYERSTATS (GAME_ID, PLAYER_ID, POINTS, REBOUNDS, ASSISTS) VALUES (57,5,29,8,3);
--Row 58
INSERT INTO PLAYERSTATS (GAME_ID, PLAYER_ID, POINTS, REBOUNDS, ASSISTS) VALUES (58,5,34,5,5);
--Row 59
INSERT INTO PLAYERSTATS (GAME_ID, PLAYER_ID, POINTS, REBOUNDS, ASSISTS) VALUES (59,5,34,2,4);
--Row 60
INSERT INTO PLAYERSTATS (GAME_ID, PLAYER_ID, POINTS, REBOUNDS, ASSISTS) VALUES (60,5,11,2,2);
--Row 61
INSERT INTO PLAYERSTATS (GAME_ID, PLAYER_ID, POINTS, REBOUNDS, ASSISTS) VALUES (61,5,27,5,2);
--Row 62
INSERT INTO PLAYERSTATS (GAME_ID, PLAYER_ID, POINTS, REBOUNDS, ASSISTS) VALUES (62,5,13,4,6);
--Row 63
INSERT INTO PLAYERSTATS (GAME_ID, PLAYER_ID, POINTS, REBOUNDS, ASSISTS) VALUES (63,5,44,6,3);
--Row 64
INSERT INTO PLAYERSTATS (GAME_ID, PLAYER_ID, POINTS, REBOUNDS, ASSISTS) VALUES (64,5,19,5,3);
--Row 65
INSERT INTO PLAYERSTATS (GAME_ID, PLAYER_ID, POINTS, REBOUNDS, ASSISTS) VALUES (65,5,25,7,7);
--Row 66
INSERT INTO PLAYERSTATS (GAME_ID, PLAYER_ID, POINTS, REBOUNDS, ASSISTS) VALUES (66,5,37,8,4);
--Row 67
INSERT INTO PLAYERSTATS (GAME_ID, PLAYER_ID, POINTS, REBOUNDS, ASSISTS) VALUES (67,5,31,10,5);
--Row 68
INSERT INTO PLAYERSTATS (GAME_ID, PLAYER_ID, POINTS, REBOUNDS, ASSISTS) VALUES (68,5,32,7,8);
--Row 69
INSERT INTO PLAYERSTATS (GAME_ID, PLAYER_ID, POINTS, REBOUNDS, ASSISTS) VALUES (69,5,30,8,8);
--Row 70
INSERT INTO PLAYERSTATS (GAME_ID, PLAYER_ID, POINTS, REBOUNDS, ASSISTS) VALUES (70,5,16,13,5);
--Row 71
INSERT INTO PLAYERSTATS (GAME_ID, PLAYER_ID, POINTS, REBOUNDS, ASSISTS) VALUES (71,5,23,6,8);
--Row 72
INSERT INTO PLAYERSTATS (GAME_ID, PLAYER_ID, POINTS, REBOUNDS, ASSISTS) VALUES (72,5,9,3,5);
--Row 73
INSERT INTO PLAYERSTATS (GAME_ID, PLAYER_ID, POINTS, REBOUNDS, ASSISTS) VALUES (73,5,25,4,5);
--Row 74
INSERT INTO PLAYERSTATS (GAME_ID, PLAYER_ID, POINTS, REBOUNDS, ASSISTS) VALUES (74,5,22,11,5);
--Row 75
INSERT INTO PLAYERSTATS (GAME_ID, PLAYER_ID, POINTS, REBOUNDS, ASSISTS) VALUES (75,5,21,5,3);
--Row 76
INSERT INTO PLAYERSTATS (GAME_ID, PLAYER_ID, POINTS, REBOUNDS, ASSISTS) VALUES (76,5,28,3,6);
--Row 77
INSERT INTO PLAYERSTATS (GAME_ID, PLAYER_ID, POINTS, REBOUNDS, ASSISTS) VALUES (77,5,17,8,3);
--Row 78
INSERT INTO PLAYERSTATS (GAME_ID, PLAYER_ID, POINTS, REBOUNDS, ASSISTS) VALUES (78,5,26,1,8);
--Row 79
INSERT INTO PLAYERSTATS (GAME_ID, PLAYER_ID, POINTS, REBOUNDS, ASSISTS) VALUES (79,5,51,6,7);
--Row 80
INSERT INTO PLAYERSTATS (GAME_ID, PLAYER_ID, POINTS, REBOUNDS, ASSISTS) VALUES (80,5,25,2,4);
--Row 81
INSERT INTO PLAYERSTATS (GAME_ID, PLAYER_ID, POINTS, REBOUNDS, ASSISTS) VALUES (81,5,14,4,4);
--Row 82
INSERT INTO PLAYERSTATS (GAME_ID, PLAYER_ID, POINTS, REBOUNDS, ASSISTS) VALUES (82,5,13,6,4);

-- Rudy Gobert
Insert into STU_CRIC2469.PLAYERSTATS (PLAYER_ID,GAME_ID,POINTS,REBOUNDS,ASSISTS) values (27,1,15,13,1);
Insert into STU_CRIC2469.PLAYERSTATS (PLAYER_ID,GAME_ID,POINTS,REBOUNDS,ASSISTS) values (27,2,14,14,1);
Insert into STU_CRIC2469.PLAYERSTATS (PLAYER_ID,GAME_ID,POINTS,REBOUNDS,ASSISTS) values (27,3,14,13,1);
Insert into STU_CRIC2469.PLAYERSTATS (PLAYER_ID,GAME_ID,POINTS,REBOUNDS,ASSISTS) values (27,4,4,12,1);
Insert into STU_CRIC2469.PLAYERSTATS (PLAYER_ID,GAME_ID,POINTS,REBOUNDS,ASSISTS) values (27,5,11,10,1);
Insert into STU_CRIC2469.PLAYERSTATS (PLAYER_ID,GAME_ID,POINTS,REBOUNDS,ASSISTS) values (27,6,14,12,1);
Insert into STU_CRIC2469.PLAYERSTATS (PLAYER_ID,GAME_ID,POINTS,REBOUNDS,ASSISTS) values (27,7,17,21,1);
Insert into STU_CRIC2469.PLAYERSTATS (PLAYER_ID,GAME_ID,POINTS,REBOUNDS,ASSISTS) values (27,8,11,10,1);
Insert into STU_CRIC2469.PLAYERSTATS (PLAYER_ID,GAME_ID,POINTS,REBOUNDS,ASSISTS) values (27,9,10,10,3);
Insert into STU_CRIC2469.PLAYERSTATS (PLAYER_ID,GAME_ID,POINTS,REBOUNDS,ASSISTS) values (27,10,9,13,2);
Insert into STU_CRIC2469.PLAYERSTATS (PLAYER_ID,GAME_ID,POINTS,REBOUNDS,ASSISTS) values (27,11,4,8,2);
Insert into STU_CRIC2469.PLAYERSTATS (PLAYER_ID,GAME_ID,POINTS,REBOUNDS,ASSISTS) values (27,12,17,11,1);
Insert into STU_CRIC2469.PLAYERSTATS (PLAYER_ID,GAME_ID,POINTS,REBOUNDS,ASSISTS) values (27,13,16,7,1);
Insert into STU_CRIC2469.PLAYERSTATS (PLAYER_ID,GAME_ID,POINTS,REBOUNDS,ASSISTS) values (27,14,13,11,3);
Insert into STU_CRIC2469.PLAYERSTATS (PLAYER_ID,GAME_ID,POINTS,REBOUNDS,ASSISTS) values (27,15,12,11,0);
Insert into STU_CRIC2469.PLAYERSTATS (PLAYER_ID,GAME_ID,POINTS,REBOUNDS,ASSISTS) values (27,16,13,4,0);
Insert into STU_CRIC2469.PLAYERSTATS (PLAYER_ID,GAME_ID,POINTS,REBOUNDS,ASSISTS) values (27,17,17,16,0);
Insert into STU_CRIC2469.PLAYERSTATS (PLAYER_ID,GAME_ID,POINTS,REBOUNDS,ASSISTS) values (27,18,15,13,0);
Insert into STU_CRIC2469.PLAYERSTATS (PLAYER_ID,GAME_ID,POINTS,REBOUNDS,ASSISTS) values (27,19,26,12,0);
Insert into STU_CRIC2469.PLAYERSTATS (PLAYER_ID,GAME_ID,POINTS,REBOUNDS,ASSISTS) values (27,20,16,20,2);
Insert into STU_CRIC2469.PLAYERSTATS (PLAYER_ID,GAME_ID,POINTS,REBOUNDS,ASSISTS) values (27,21,16,20,1);
Insert into STU_CRIC2469.PLAYERSTATS (PLAYER_ID,GAME_ID,POINTS,REBOUNDS,ASSISTS) values (27,22,8,8,0);
Insert into STU_CRIC2469.PLAYERSTATS (PLAYER_ID,GAME_ID,POINTS,REBOUNDS,ASSISTS) values (27,23,8,12,5);
Insert into STU_CRIC2469.PLAYERSTATS (PLAYER_ID,GAME_ID,POINTS,REBOUNDS,ASSISTS) values (27,24,5,7,1);
Insert into STU_CRIC2469.PLAYERSTATS (PLAYER_ID,GAME_ID,POINTS,REBOUNDS,ASSISTS) values (27,25,9,16,2);
Insert into STU_CRIC2469.PLAYERSTATS (PLAYER_ID,GAME_ID,POINTS,REBOUNDS,ASSISTS) values (27,26,8,9,1);
Insert into STU_CRIC2469.PLAYERSTATS (PLAYER_ID,GAME_ID,POINTS,REBOUNDS,ASSISTS) values (27,27,15,13,3);
Insert into STU_CRIC2469.PLAYERSTATS (PLAYER_ID,GAME_ID,POINTS,REBOUNDS,ASSISTS) values (27,28,21,17,1);
Insert into STU_CRIC2469.PLAYERSTATS (PLAYER_ID,GAME_ID,POINTS,REBOUNDS,ASSISTS) values (27,29,10,5,0);
Insert into STU_CRIC2469.PLAYERSTATS (PLAYER_ID,GAME_ID,POINTS,REBOUNDS,ASSISTS) values (27,30,20,11,2);
Insert into STU_CRIC2469.PLAYERSTATS (PLAYER_ID,GAME_ID,POINTS,REBOUNDS,ASSISTS) values (27,31,13,13,0);
Insert into STU_CRIC2469.PLAYERSTATS (PLAYER_ID,GAME_ID,POINTS,REBOUNDS,ASSISTS) values (27,32,10,15,1);
Insert into STU_CRIC2469.PLAYERSTATS (PLAYER_ID,GAME_ID,POINTS,REBOUNDS,ASSISTS) values (27,33,5,5,0);
Insert into STU_CRIC2469.PLAYERSTATS (PLAYER_ID,GAME_ID,POINTS,REBOUNDS,ASSISTS) values (27,34,13,12,1);
Insert into STU_CRIC2469.PLAYERSTATS (PLAYER_ID,GAME_ID,POINTS,REBOUNDS,ASSISTS) values (27,35,9,17,1);
Insert into STU_CRIC2469.PLAYERSTATS (PLAYER_ID,GAME_ID,POINTS,REBOUNDS,ASSISTS) values (27,36,21,12,1);
Insert into STU_CRIC2469.PLAYERSTATS (PLAYER_ID,GAME_ID,POINTS,REBOUNDS,ASSISTS) values (27,37,null,null,null);
Insert into STU_CRIC2469.PLAYERSTATS (PLAYER_ID,GAME_ID,POINTS,REBOUNDS,ASSISTS) values (27,38,24,17,0);
Insert into STU_CRIC2469.PLAYERSTATS (PLAYER_ID,GAME_ID,POINTS,REBOUNDS,ASSISTS) values (27,39,15,18,0);
Insert into STU_CRIC2469.PLAYERSTATS (PLAYER_ID,GAME_ID,POINTS,REBOUNDS,ASSISTS) values (27,40,19,16,2);
Insert into STU_CRIC2469.PLAYERSTATS (PLAYER_ID,GAME_ID,POINTS,REBOUNDS,ASSISTS) values (27,41,17,10,4);
Insert into STU_CRIC2469.PLAYERSTATS (PLAYER_ID,GAME_ID,POINTS,REBOUNDS,ASSISTS) values (27,42,7,18,2);
Insert into STU_CRIC2469.PLAYERSTATS (PLAYER_ID,GAME_ID,POINTS,REBOUNDS,ASSISTS) values (27,43,13,11,1);
Insert into STU_CRIC2469.PLAYERSTATS (PLAYER_ID,GAME_ID,POINTS,REBOUNDS,ASSISTS) values (27,44,19,16,1);
Insert into STU_CRIC2469.PLAYERSTATS (PLAYER_ID,GAME_ID,POINTS,REBOUNDS,ASSISTS) values (27,45,10,13,1);
Insert into STU_CRIC2469.PLAYERSTATS (PLAYER_ID,GAME_ID,POINTS,REBOUNDS,ASSISTS) values (27,46,19,7,1);
Insert into STU_CRIC2469.PLAYERSTATS (PLAYER_ID,GAME_ID,POINTS,REBOUNDS,ASSISTS) values (27,47,12,18,1);
Insert into STU_CRIC2469.PLAYERSTATS (PLAYER_ID,GAME_ID,POINTS,REBOUNDS,ASSISTS) values (27,48,17,6,0);
Insert into STU_CRIC2469.PLAYERSTATS (PLAYER_ID,GAME_ID,POINTS,REBOUNDS,ASSISTS) values (27,49,22,16,2);
Insert into STU_CRIC2469.PLAYERSTATS (PLAYER_ID,GAME_ID,POINTS,REBOUNDS,ASSISTS) values (27,50,17,13,1);
Insert into STU_CRIC2469.PLAYERSTATS (PLAYER_ID,GAME_ID,POINTS,REBOUNDS,ASSISTS) values (27,51,12,16,1);
Insert into STU_CRIC2469.PLAYERSTATS (PLAYER_ID,GAME_ID,POINTS,REBOUNDS,ASSISTS) values (27,52,16,11,4);
Insert into STU_CRIC2469.PLAYERSTATS (PLAYER_ID,GAME_ID,POINTS,REBOUNDS,ASSISTS) values (27,53,17,11,0);
Insert into STU_CRIC2469.PLAYERSTATS (PLAYER_ID,GAME_ID,POINTS,REBOUNDS,ASSISTS) values (27,54,16,15,1);
Insert into STU_CRIC2469.PLAYERSTATS (PLAYER_ID,GAME_ID,POINTS,REBOUNDS,ASSISTS) values (27,55,11,12,2);
Insert into STU_CRIC2469.PLAYERSTATS (PLAYER_ID,GAME_ID,POINTS,REBOUNDS,ASSISTS) values (27,56,12,19,1);
Insert into STU_CRIC2469.PLAYERSTATS (PLAYER_ID,GAME_ID,POINTS,REBOUNDS,ASSISTS) values (27,57,null,null,null);
Insert into STU_CRIC2469.PLAYERSTATS (PLAYER_ID,GAME_ID,POINTS,REBOUNDS,ASSISTS) values (27,58,13,17,3);
Insert into STU_CRIC2469.PLAYERSTATS (PLAYER_ID,GAME_ID,POINTS,REBOUNDS,ASSISTS) values (27,59,8,8,0);
Insert into STU_CRIC2469.PLAYERSTATS (PLAYER_ID,GAME_ID,POINTS,REBOUNDS,ASSISTS) values (27,60,16,16,1);
Insert into STU_CRIC2469.PLAYERSTATS (PLAYER_ID,GAME_ID,POINTS,REBOUNDS,ASSISTS) values (27,61,12,16,2);
Insert into STU_CRIC2469.PLAYERSTATS (PLAYER_ID,GAME_ID,POINTS,REBOUNDS,ASSISTS) values (27,62,25,16,0);
Insert into STU_CRIC2469.PLAYERSTATS (PLAYER_ID,GAME_ID,POINTS,REBOUNDS,ASSISTS) values (27,63,18,14,0);
Insert into STU_CRIC2469.PLAYERSTATS (PLAYER_ID,GAME_ID,POINTS,REBOUNDS,ASSISTS) values (27,64,7,17,2);
Insert into STU_CRIC2469.PLAYERSTATS (PLAYER_ID,GAME_ID,POINTS,REBOUNDS,ASSISTS) values (27,65,null,null,null);
Insert into STU_CRIC2469.PLAYERSTATS (PLAYER_ID,GAME_ID,POINTS,REBOUNDS,ASSISTS) values (27,66,8,11,3);
Insert into STU_CRIC2469.PLAYERSTATS (PLAYER_ID,GAME_ID,POINTS,REBOUNDS,ASSISTS) values (27,67,null,null,null);
Insert into STU_CRIC2469.PLAYERSTATS (PLAYER_ID,GAME_ID,POINTS,REBOUNDS,ASSISTS) values (27,68,null,null,null);
Insert into STU_CRIC2469.PLAYERSTATS (PLAYER_ID,GAME_ID,POINTS,REBOUNDS,ASSISTS) values (27,69,null,null,null);
Insert into STU_CRIC2469.PLAYERSTATS (PLAYER_ID,GAME_ID,POINTS,REBOUNDS,ASSISTS) values (27,70,9,15,1);
Insert into STU_CRIC2469.PLAYERSTATS (PLAYER_ID,GAME_ID,POINTS,REBOUNDS,ASSISTS) values (27,71,17,12,2);
Insert into STU_CRIC2469.PLAYERSTATS (PLAYER_ID,GAME_ID,POINTS,REBOUNDS,ASSISTS) values (27,72,11,14,4);
Insert into STU_CRIC2469.PLAYERSTATS (PLAYER_ID,GAME_ID,POINTS,REBOUNDS,ASSISTS) values (27,73,21,12,2);
Insert into STU_CRIC2469.PLAYERSTATS (PLAYER_ID,GAME_ID,POINTS,REBOUNDS,ASSISTS) values (27,74,19,10,1);
Insert into STU_CRIC2469.PLAYERSTATS (PLAYER_ID,GAME_ID,POINTS,REBOUNDS,ASSISTS) values (27,75,12,14,0);
Insert into STU_CRIC2469.PLAYERSTATS (PLAYER_ID,GAME_ID,POINTS,REBOUNDS,ASSISTS) values (27,76,11,15,3);
Insert into STU_CRIC2469.PLAYERSTATS (PLAYER_ID,GAME_ID,POINTS,REBOUNDS,ASSISTS) values (27,77,4,6,1);
Insert into STU_CRIC2469.PLAYERSTATS (PLAYER_ID,GAME_ID,POINTS,REBOUNDS,ASSISTS) values (27,78,18,16,3);
Insert into STU_CRIC2469.PLAYERSTATS (PLAYER_ID,GAME_ID,POINTS,REBOUNDS,ASSISTS) values (27,79,19,16,3);
Insert into STU_CRIC2469.PLAYERSTATS (PLAYER_ID,GAME_ID,POINTS,REBOUNDS,ASSISTS) values (27,80,13,15,3);
Insert into STU_CRIC2469.PLAYERSTATS (PLAYER_ID,GAME_ID,POINTS,REBOUNDS,ASSISTS) values (27,81,25,19,0);
Insert into STU_CRIC2469.PLAYERSTATS (PLAYER_ID,GAME_ID,POINTS,REBOUNDS,ASSISTS) values (27,82,21,7,1);

-- Jaden McDaniels
Insert into STU_CRIC2469.PLAYERSTATS (PLAYER_ID,GAME_ID,POINTS,REBOUNDS,ASSISTS) values (3,1,null,null,null);
Insert into STU_CRIC2469.PLAYERSTATS (PLAYER_ID,GAME_ID,POINTS,REBOUNDS,ASSISTS) values (3,2,null,null,null);
Insert into STU_CRIC2469.PLAYERSTATS (PLAYER_ID,GAME_ID,POINTS,REBOUNDS,ASSISTS) values (3,3,12,3,2);
Insert into STU_CRIC2469.PLAYERSTATS (PLAYER_ID,GAME_ID,POINTS,REBOUNDS,ASSISTS) values (3,4,6,9,2);
Insert into STU_CRIC2469.PLAYERSTATS (PLAYER_ID,GAME_ID,POINTS,REBOUNDS,ASSISTS) values (3,5,5,0,1);
Insert into STU_CRIC2469.PLAYERSTATS (PLAYER_ID,GAME_ID,POINTS,REBOUNDS,ASSISTS) values (3,6,20,2,1);
Insert into STU_CRIC2469.PLAYERSTATS (PLAYER_ID,GAME_ID,POINTS,REBOUNDS,ASSISTS) values (3,7,10,0,3);
Insert into STU_CRIC2469.PLAYERSTATS (PLAYER_ID,GAME_ID,POINTS,REBOUNDS,ASSISTS) values (3,8,10,5,0);
Insert into STU_CRIC2469.PLAYERSTATS (PLAYER_ID,GAME_ID,POINTS,REBOUNDS,ASSISTS) values (3,9,13,0,1);
Insert into STU_CRIC2469.PLAYERSTATS (PLAYER_ID,GAME_ID,POINTS,REBOUNDS,ASSISTS) values (3,10,0,0,0);
Insert into STU_CRIC2469.PLAYERSTATS (PLAYER_ID,GAME_ID,POINTS,REBOUNDS,ASSISTS) values (3,11,13,2,3);
Insert into STU_CRIC2469.PLAYERSTATS (PLAYER_ID,GAME_ID,POINTS,REBOUNDS,ASSISTS) values (3,12,12,2,1);
Insert into STU_CRIC2469.PLAYERSTATS (PLAYER_ID,GAME_ID,POINTS,REBOUNDS,ASSISTS) values (3,13,4,1,0);
Insert into STU_CRIC2469.PLAYERSTATS (PLAYER_ID,GAME_ID,POINTS,REBOUNDS,ASSISTS) values (3,14,null,null,null);
Insert into STU_CRIC2469.PLAYERSTATS (PLAYER_ID,GAME_ID,POINTS,REBOUNDS,ASSISTS) values (3,15,null,null,null);
Insert into STU_CRIC2469.PLAYERSTATS (PLAYER_ID,GAME_ID,POINTS,REBOUNDS,ASSISTS) values (3,16,null,null,null);
Insert into STU_CRIC2469.PLAYERSTATS (PLAYER_ID,GAME_ID,POINTS,REBOUNDS,ASSISTS) values (3,17,null,null,null);
Insert into STU_CRIC2469.PLAYERSTATS (PLAYER_ID,GAME_ID,POINTS,REBOUNDS,ASSISTS) values (3,18,null,null,null);
Insert into STU_CRIC2469.PLAYERSTATS (PLAYER_ID,GAME_ID,POINTS,REBOUNDS,ASSISTS) values (3,19,null,null,null);
Insert into STU_CRIC2469.PLAYERSTATS (PLAYER_ID,GAME_ID,POINTS,REBOUNDS,ASSISTS) values (3,20,null,null,null);
Insert into STU_CRIC2469.PLAYERSTATS (PLAYER_ID,GAME_ID,POINTS,REBOUNDS,ASSISTS) values (3,21,null,null,null);
Insert into STU_CRIC2469.PLAYERSTATS (PLAYER_ID,GAME_ID,POINTS,REBOUNDS,ASSISTS) values (3,22,12,3,0);
Insert into STU_CRIC2469.PLAYERSTATS (PLAYER_ID,GAME_ID,POINTS,REBOUNDS,ASSISTS) values (3,23,11,2,1);
Insert into STU_CRIC2469.PLAYERSTATS (PLAYER_ID,GAME_ID,POINTS,REBOUNDS,ASSISTS) values (3,24,5,1,0);
Insert into STU_CRIC2469.PLAYERSTATS (PLAYER_ID,GAME_ID,POINTS,REBOUNDS,ASSISTS) values (3,25,10,5,2);
Insert into STU_CRIC2469.PLAYERSTATS (PLAYER_ID,GAME_ID,POINTS,REBOUNDS,ASSISTS) values (3,26,21,3,0);
Insert into STU_CRIC2469.PLAYERSTATS (PLAYER_ID,GAME_ID,POINTS,REBOUNDS,ASSISTS) values (3,27,14,1,3);
Insert into STU_CRIC2469.PLAYERSTATS (PLAYER_ID,GAME_ID,POINTS,REBOUNDS,ASSISTS) values (3,28,20,5,1);
Insert into STU_CRIC2469.PLAYERSTATS (PLAYER_ID,GAME_ID,POINTS,REBOUNDS,ASSISTS) values (3,29,8,1,1);
Insert into STU_CRIC2469.PLAYERSTATS (PLAYER_ID,GAME_ID,POINTS,REBOUNDS,ASSISTS) values (3,30,12,0,0);
Insert into STU_CRIC2469.PLAYERSTATS (PLAYER_ID,GAME_ID,POINTS,REBOUNDS,ASSISTS) values (3,31,6,3,2);
Insert into STU_CRIC2469.PLAYERSTATS (PLAYER_ID,GAME_ID,POINTS,REBOUNDS,ASSISTS) values (3,32,8,1,0);
Insert into STU_CRIC2469.PLAYERSTATS (PLAYER_ID,GAME_ID,POINTS,REBOUNDS,ASSISTS) values (3,33,11,0,2);
Insert into STU_CRIC2469.PLAYERSTATS (PLAYER_ID,GAME_ID,POINTS,REBOUNDS,ASSISTS) values (3,34,16,3,0);
Insert into STU_CRIC2469.PLAYERSTATS (PLAYER_ID,GAME_ID,POINTS,REBOUNDS,ASSISTS) values (3,35,2,3,4);
Insert into STU_CRIC2469.PLAYERSTATS (PLAYER_ID,GAME_ID,POINTS,REBOUNDS,ASSISTS) values (3,36,15,9,1);
Insert into STU_CRIC2469.PLAYERSTATS (PLAYER_ID,GAME_ID,POINTS,REBOUNDS,ASSISTS) values (3,37,5,1,1);
Insert into STU_CRIC2469.PLAYERSTATS (PLAYER_ID,GAME_ID,POINTS,REBOUNDS,ASSISTS) values (3,38,9,2,3);
Insert into STU_CRIC2469.PLAYERSTATS (PLAYER_ID,GAME_ID,POINTS,REBOUNDS,ASSISTS) values (3,39,14,4,4);
Insert into STU_CRIC2469.PLAYERSTATS (PLAYER_ID,GAME_ID,POINTS,REBOUNDS,ASSISTS) values (3,40,23,3,0);
Insert into STU_CRIC2469.PLAYERSTATS (PLAYER_ID,GAME_ID,POINTS,REBOUNDS,ASSISTS) values (3,41,11,3,0);
Insert into STU_CRIC2469.PLAYERSTATS (PLAYER_ID,GAME_ID,POINTS,REBOUNDS,ASSISTS) values (3,42,15,2,0);
Insert into STU_CRIC2469.PLAYERSTATS (PLAYER_ID,GAME_ID,POINTS,REBOUNDS,ASSISTS) values (3,43,9,5,4);
Insert into STU_CRIC2469.PLAYERSTATS (PLAYER_ID,GAME_ID,POINTS,REBOUNDS,ASSISTS) values (3,44,13,5,0);
Insert into STU_CRIC2469.PLAYERSTATS (PLAYER_ID,GAME_ID,POINTS,REBOUNDS,ASSISTS) values (3,45,9,4,1);
Insert into STU_CRIC2469.PLAYERSTATS (PLAYER_ID,GAME_ID,POINTS,REBOUNDS,ASSISTS) values (3,46,7,3,2);
Insert into STU_CRIC2469.PLAYERSTATS (PLAYER_ID,GAME_ID,POINTS,REBOUNDS,ASSISTS) values (3,47,14,3,1);
Insert into STU_CRIC2469.PLAYERSTATS (PLAYER_ID,GAME_ID,POINTS,REBOUNDS,ASSISTS) values (3,48,11,2,4);
Insert into STU_CRIC2469.PLAYERSTATS (PLAYER_ID,GAME_ID,POINTS,REBOUNDS,ASSISTS) values (3,49,10,4,1);
Insert into STU_CRIC2469.PLAYERSTATS (PLAYER_ID,GAME_ID,POINTS,REBOUNDS,ASSISTS) values (3,50,5,4,2);
Insert into STU_CRIC2469.PLAYERSTATS (PLAYER_ID,GAME_ID,POINTS,REBOUNDS,ASSISTS) values (3,51,13,1,3);
Insert into STU_CRIC2469.PLAYERSTATS (PLAYER_ID,GAME_ID,POINTS,REBOUNDS,ASSISTS) values (3,52,8,3,0);
Insert into STU_CRIC2469.PLAYERSTATS (PLAYER_ID,GAME_ID,POINTS,REBOUNDS,ASSISTS) values (3,53,11,0,1);
Insert into STU_CRIC2469.PLAYERSTATS (PLAYER_ID,GAME_ID,POINTS,REBOUNDS,ASSISTS) values (3,54,0,2,0);
Insert into STU_CRIC2469.PLAYERSTATS (PLAYER_ID,GAME_ID,POINTS,REBOUNDS,ASSISTS) values (3,55,17,5,1);
Insert into STU_CRIC2469.PLAYERSTATS (PLAYER_ID,GAME_ID,POINTS,REBOUNDS,ASSISTS) values (3,56,2,1,3);
Insert into STU_CRIC2469.PLAYERSTATS (PLAYER_ID,GAME_ID,POINTS,REBOUNDS,ASSISTS) values (3,57,7,2,1);
Insert into STU_CRIC2469.PLAYERSTATS (PLAYER_ID,GAME_ID,POINTS,REBOUNDS,ASSISTS) values (3,58,2,5,1);
Insert into STU_CRIC2469.PLAYERSTATS (PLAYER_ID,GAME_ID,POINTS,REBOUNDS,ASSISTS) values (3,59,12,2,3);
Insert into STU_CRIC2469.PLAYERSTATS (PLAYER_ID,GAME_ID,POINTS,REBOUNDS,ASSISTS) values (3,60,26,7,1);
Insert into STU_CRIC2469.PLAYERSTATS (PLAYER_ID,GAME_ID,POINTS,REBOUNDS,ASSISTS) values (3,61,6,2,1);
Insert into STU_CRIC2469.PLAYERSTATS (PLAYER_ID,GAME_ID,POINTS,REBOUNDS,ASSISTS) values (3,62,9,4,1);
Insert into STU_CRIC2469.PLAYERSTATS (PLAYER_ID,GAME_ID,POINTS,REBOUNDS,ASSISTS) values (3,63,11,8,6);
Insert into STU_CRIC2469.PLAYERSTATS (PLAYER_ID,GAME_ID,POINTS,REBOUNDS,ASSISTS) values (3,64,13,5,2);
Insert into STU_CRIC2469.PLAYERSTATS (PLAYER_ID,GAME_ID,POINTS,REBOUNDS,ASSISTS) values (3,65,10,6,1);
Insert into STU_CRIC2469.PLAYERSTATS (PLAYER_ID,GAME_ID,POINTS,REBOUNDS,ASSISTS) values (3,66,0,4,1);
Insert into STU_CRIC2469.PLAYERSTATS (PLAYER_ID,GAME_ID,POINTS,REBOUNDS,ASSISTS) values (3,67,8,1,0);
Insert into STU_CRIC2469.PLAYERSTATS (PLAYER_ID,GAME_ID,POINTS,REBOUNDS,ASSISTS) values (3,68,9,8,1);
Insert into STU_CRIC2469.PLAYERSTATS (PLAYER_ID,GAME_ID,POINTS,REBOUNDS,ASSISTS) values (3,69,26,6,0);
Insert into STU_CRIC2469.PLAYERSTATS (PLAYER_ID,GAME_ID,POINTS,REBOUNDS,ASSISTS) values (3,70,15,4,0);
Insert into STU_CRIC2469.PLAYERSTATS (PLAYER_ID,GAME_ID,POINTS,REBOUNDS,ASSISTS) values (3,71,8,4,1);
Insert into STU_CRIC2469.PLAYERSTATS (PLAYER_ID,GAME_ID,POINTS,REBOUNDS,ASSISTS) values (3,72,20,4,0);
Insert into STU_CRIC2469.PLAYERSTATS (PLAYER_ID,GAME_ID,POINTS,REBOUNDS,ASSISTS) values (3,73,17,3,3);
Insert into STU_CRIC2469.PLAYERSTATS (PLAYER_ID,GAME_ID,POINTS,REBOUNDS,ASSISTS) values (3,74,8,6,3);
Insert into STU_CRIC2469.PLAYERSTATS (PLAYER_ID,GAME_ID,POINTS,REBOUNDS,ASSISTS) values (3,75,8,3,1);
Insert into STU_CRIC2469.PLAYERSTATS (PLAYER_ID,GAME_ID,POINTS,REBOUNDS,ASSISTS) values (3,76,8,4,2);
Insert into STU_CRIC2469.PLAYERSTATS (PLAYER_ID,GAME_ID,POINTS,REBOUNDS,ASSISTS) values (3,77,6,2,1);
Insert into STU_CRIC2469.PLAYERSTATS (PLAYER_ID,GAME_ID,POINTS,REBOUNDS,ASSISTS) values (3,78,11,3,2);
Insert into STU_CRIC2469.PLAYERSTATS (PLAYER_ID,GAME_ID,POINTS,REBOUNDS,ASSISTS) values (3,79,9,5,2);
Insert into STU_CRIC2469.PLAYERSTATS (PLAYER_ID,GAME_ID,POINTS,REBOUNDS,ASSISTS) values (3,80,9,2,3);
Insert into STU_CRIC2469.PLAYERSTATS (PLAYER_ID,GAME_ID,POINTS,REBOUNDS,ASSISTS) values (3,81,11,3,1);
Insert into STU_CRIC2469.PLAYERSTATS (PLAYER_ID,GAME_ID,POINTS,REBOUNDS,ASSISTS) values (3,82,6,0,1);

-- Karl-Anthony Towns
Insert into STU_CRIC2469.PLAYERSTATS (PLAYER_ID,GAME_ID,POINTS,REBOUNDS,ASSISTS) values (32,1,19,10,3);
Insert into STU_CRIC2469.PLAYERSTATS (PLAYER_ID,GAME_ID,POINTS,REBOUNDS,ASSISTS) values (32,2,12,10,2);
Insert into STU_CRIC2469.PLAYERSTATS (PLAYER_ID,GAME_ID,POINTS,REBOUNDS,ASSISTS) values (32,3,16,10,3);
Insert into STU_CRIC2469.PLAYERSTATS (PLAYER_ID,GAME_ID,POINTS,REBOUNDS,ASSISTS) values (32,4,21,8,4);
Insert into STU_CRIC2469.PLAYERSTATS (PLAYER_ID,GAME_ID,POINTS,REBOUNDS,ASSISTS) values (32,5,25,7,1);
Insert into STU_CRIC2469.PLAYERSTATS (PLAYER_ID,GAME_ID,POINTS,REBOUNDS,ASSISTS) values (32,6,7,10,3);
Insert into STU_CRIC2469.PLAYERSTATS (PLAYER_ID,GAME_ID,POINTS,REBOUNDS,ASSISTS) values (32,7,23,3,0);
Insert into STU_CRIC2469.PLAYERSTATS (PLAYER_ID,GAME_ID,POINTS,REBOUNDS,ASSISTS) values (32,8,29,12,2);
Insert into STU_CRIC2469.PLAYERSTATS (PLAYER_ID,GAME_ID,POINTS,REBOUNDS,ASSISTS) values (32,9,21,14,3);
Insert into STU_CRIC2469.PLAYERSTATS (PLAYER_ID,GAME_ID,POINTS,REBOUNDS,ASSISTS) values (32,10,33,11,2);
Insert into STU_CRIC2469.PLAYERSTATS (PLAYER_ID,GAME_ID,POINTS,REBOUNDS,ASSISTS) values (32,11,25,7,2);
Insert into STU_CRIC2469.PLAYERSTATS (PLAYER_ID,GAME_ID,POINTS,REBOUNDS,ASSISTS) values (32,12,29,6,9);
Insert into STU_CRIC2469.PLAYERSTATS (PLAYER_ID,GAME_ID,POINTS,REBOUNDS,ASSISTS) values (32,13,20,5,4);
Insert into STU_CRIC2469.PLAYERSTATS (PLAYER_ID,GAME_ID,POINTS,REBOUNDS,ASSISTS) values (32,14,23,11,3);
Insert into STU_CRIC2469.PLAYERSTATS (PLAYER_ID,GAME_ID,POINTS,REBOUNDS,ASSISTS) values (32,15,27,11,4);
Insert into STU_CRIC2469.PLAYERSTATS (PLAYER_ID,GAME_ID,POINTS,REBOUNDS,ASSISTS) values (32,16,18,8,2);
Insert into STU_CRIC2469.PLAYERSTATS (PLAYER_ID,GAME_ID,POINTS,REBOUNDS,ASSISTS) values (32,17,13,10,3);
Insert into STU_CRIC2469.PLAYERSTATS (PLAYER_ID,GAME_ID,POINTS,REBOUNDS,ASSISTS) values (32,18,32,11,4);
Insert into STU_CRIC2469.PLAYERSTATS (PLAYER_ID,GAME_ID,POINTS,REBOUNDS,ASSISTS) values (32,19,28,7,5);
Insert into STU_CRIC2469.PLAYERSTATS (PLAYER_ID,GAME_ID,POINTS,REBOUNDS,ASSISTS) values (32,20,14,10,2);
Insert into STU_CRIC2469.PLAYERSTATS (PLAYER_ID,GAME_ID,POINTS,REBOUNDS,ASSISTS) values (32,21,24,7,5);
Insert into STU_CRIC2469.PLAYERSTATS (PLAYER_ID,GAME_ID,POINTS,REBOUNDS,ASSISTS) values (32,22,17,12,1);
Insert into STU_CRIC2469.PLAYERSTATS (PLAYER_ID,GAME_ID,POINTS,REBOUNDS,ASSISTS) values (32,23,21,17,2);
Insert into STU_CRIC2469.PLAYERSTATS (PLAYER_ID,GAME_ID,POINTS,REBOUNDS,ASSISTS) values (32,24,40,12,4);
Insert into STU_CRIC2469.PLAYERSTATS (PLAYER_ID,GAME_ID,POINTS,REBOUNDS,ASSISTS) values (32,25,18,8,2);
Insert into STU_CRIC2469.PLAYERSTATS (PLAYER_ID,GAME_ID,POINTS,REBOUNDS,ASSISTS) values (32,26,23,13,2);
Insert into STU_CRIC2469.PLAYERSTATS (PLAYER_ID,GAME_ID,POINTS,REBOUNDS,ASSISTS) values (32,27,21,6,4);
Insert into STU_CRIC2469.PLAYERSTATS (PLAYER_ID,GAME_ID,POINTS,REBOUNDS,ASSISTS) values (32,28,null,null,null);
Insert into STU_CRIC2469.PLAYERSTATS (PLAYER_ID,GAME_ID,POINTS,REBOUNDS,ASSISTS) values (32,29,16,6,1);
Insert into STU_CRIC2469.PLAYERSTATS (PLAYER_ID,GAME_ID,POINTS,REBOUNDS,ASSISTS) values (32,30,10,8,3);
Insert into STU_CRIC2469.PLAYERSTATS (PLAYER_ID,GAME_ID,POINTS,REBOUNDS,ASSISTS) values (32,31,9,9,2);
Insert into STU_CRIC2469.PLAYERSTATS (PLAYER_ID,GAME_ID,POINTS,REBOUNDS,ASSISTS) values (32,32,29,6,3);
Insert into STU_CRIC2469.PLAYERSTATS (PLAYER_ID,GAME_ID,POINTS,REBOUNDS,ASSISTS) values (32,33,22,6,2);
Insert into STU_CRIC2469.PLAYERSTATS (PLAYER_ID,GAME_ID,POINTS,REBOUNDS,ASSISTS) values (32,34,22,8,6);
Insert into STU_CRIC2469.PLAYERSTATS (PLAYER_ID,GAME_ID,POINTS,REBOUNDS,ASSISTS) values (32,35,24,7,1);
Insert into STU_CRIC2469.PLAYERSTATS (PLAYER_ID,GAME_ID,POINTS,REBOUNDS,ASSISTS) values (32,36,28,6,5);
Insert into STU_CRIC2469.PLAYERSTATS (PLAYER_ID,GAME_ID,POINTS,REBOUNDS,ASSISTS) values (32,37,25,13,6);
Insert into STU_CRIC2469.PLAYERSTATS (PLAYER_ID,GAME_ID,POINTS,REBOUNDS,ASSISTS) values (32,38,23,8,1);
Insert into STU_CRIC2469.PLAYERSTATS (PLAYER_ID,GAME_ID,POINTS,REBOUNDS,ASSISTS) values (32,39,17,6,5);
Insert into STU_CRIC2469.PLAYERSTATS (PLAYER_ID,GAME_ID,POINTS,REBOUNDS,ASSISTS) values (32,40,27,6,4);
Insert into STU_CRIC2469.PLAYERSTATS (PLAYER_ID,GAME_ID,POINTS,REBOUNDS,ASSISTS) values (32,41,14,7,2);
Insert into STU_CRIC2469.PLAYERSTATS (PLAYER_ID,GAME_ID,POINTS,REBOUNDS,ASSISTS) values (32,42,19,11,2);
Insert into STU_CRIC2469.PLAYERSTATS (PLAYER_ID,GAME_ID,POINTS,REBOUNDS,ASSISTS) values (32,43,62,8,2);
Insert into STU_CRIC2469.PLAYERSTATS (PLAYER_ID,GAME_ID,POINTS,REBOUNDS,ASSISTS) values (32,44,27,6,3);
Insert into STU_CRIC2469.PLAYERSTATS (PLAYER_ID,GAME_ID,POINTS,REBOUNDS,ASSISTS) values (32,45,27,10,3);
Insert into STU_CRIC2469.PLAYERSTATS (PLAYER_ID,GAME_ID,POINTS,REBOUNDS,ASSISTS) values (32,46,19,5,4);
Insert into STU_CRIC2469.PLAYERSTATS (PLAYER_ID,GAME_ID,POINTS,REBOUNDS,ASSISTS) values (32,47,21,10,6);
Insert into STU_CRIC2469.PLAYERSTATS (PLAYER_ID,GAME_ID,POINTS,REBOUNDS,ASSISTS) values (32,48,29,9,4);
Insert into STU_CRIC2469.PLAYERSTATS (PLAYER_ID,GAME_ID,POINTS,REBOUNDS,ASSISTS) values (32,49,19,3,1);
Insert into STU_CRIC2469.PLAYERSTATS (PLAYER_ID,GAME_ID,POINTS,REBOUNDS,ASSISTS) values (32,50,14,10,0);
Insert into STU_CRIC2469.PLAYERSTATS (PLAYER_ID,GAME_ID,POINTS,REBOUNDS,ASSISTS) values (32,51,33,5,3);
Insert into STU_CRIC2469.PLAYERSTATS (PLAYER_ID,GAME_ID,POINTS,REBOUNDS,ASSISTS) values (32,52,19,5,1);
Insert into STU_CRIC2469.PLAYERSTATS (PLAYER_ID,GAME_ID,POINTS,REBOUNDS,ASSISTS) values (32,53,24,4,3);
Insert into STU_CRIC2469.PLAYERSTATS (PLAYER_ID,GAME_ID,POINTS,REBOUNDS,ASSISTS) values (32,54,13,5,1);
Insert into STU_CRIC2469.PLAYERSTATS (PLAYER_ID,GAME_ID,POINTS,REBOUNDS,ASSISTS) values (32,55,23,8,1);
Insert into STU_CRIC2469.PLAYERSTATS (PLAYER_ID,GAME_ID,POINTS,REBOUNDS,ASSISTS) values (32,56,22,14,3);
Insert into STU_CRIC2469.PLAYERSTATS (PLAYER_ID,GAME_ID,POINTS,REBOUNDS,ASSISTS) values (32,57,28,9,4);
Insert into STU_CRIC2469.PLAYERSTATS (PLAYER_ID,GAME_ID,POINTS,REBOUNDS,ASSISTS) values (32,58,null,null,null);
Insert into STU_CRIC2469.PLAYERSTATS (PLAYER_ID,GAME_ID,POINTS,REBOUNDS,ASSISTS) values (32,59,13,11,2);
Insert into STU_CRIC2469.PLAYERSTATS (PLAYER_ID,GAME_ID,POINTS,REBOUNDS,ASSISTS) values (32,60,19,6,5);
Insert into STU_CRIC2469.PLAYERSTATS (PLAYER_ID,GAME_ID,POINTS,REBOUNDS,ASSISTS) values (32,61,18,9,8);
Insert into STU_CRIC2469.PLAYERSTATS (PLAYER_ID,GAME_ID,POINTS,REBOUNDS,ASSISTS) values (32,62,14,4,1);
Insert into STU_CRIC2469.PLAYERSTATS (PLAYER_ID,GAME_ID,POINTS,REBOUNDS,ASSISTS) values (32,63,null,null,null);
Insert into STU_CRIC2469.PLAYERSTATS (PLAYER_ID,GAME_ID,POINTS,REBOUNDS,ASSISTS) values (32,64,null,null,null);
Insert into STU_CRIC2469.PLAYERSTATS (PLAYER_ID,GAME_ID,POINTS,REBOUNDS,ASSISTS) values (32,65,null,null,null);
Insert into STU_CRIC2469.PLAYERSTATS (PLAYER_ID,GAME_ID,POINTS,REBOUNDS,ASSISTS) values (32,66,null,null,null);
Insert into STU_CRIC2469.PLAYERSTATS (PLAYER_ID,GAME_ID,POINTS,REBOUNDS,ASSISTS) values (32,67,null,null,null);
Insert into STU_CRIC2469.PLAYERSTATS (PLAYER_ID,GAME_ID,POINTS,REBOUNDS,ASSISTS) values (32,68,null,null,null);
Insert into STU_CRIC2469.PLAYERSTATS (PLAYER_ID,GAME_ID,POINTS,REBOUNDS,ASSISTS) values (32,69,null,null,null);
Insert into STU_CRIC2469.PLAYERSTATS (PLAYER_ID,GAME_ID,POINTS,REBOUNDS,ASSISTS) values (32,70,null,null,null);
Insert into STU_CRIC2469.PLAYERSTATS (PLAYER_ID,GAME_ID,POINTS,REBOUNDS,ASSISTS) values (32,71,null,null,null);
Insert into STU_CRIC2469.PLAYERSTATS (PLAYER_ID,GAME_ID,POINTS,REBOUNDS,ASSISTS) values (32,72,null,null,null);
Insert into STU_CRIC2469.PLAYERSTATS (PLAYER_ID,GAME_ID,POINTS,REBOUNDS,ASSISTS) values (32,73,null,null,null);
Insert into STU_CRIC2469.PLAYERSTATS (PLAYER_ID,GAME_ID,POINTS,REBOUNDS,ASSISTS) values (32,74,null,null,null);
Insert into STU_CRIC2469.PLAYERSTATS (PLAYER_ID,GAME_ID,POINTS,REBOUNDS,ASSISTS) values (32,75,null,null,null);
Insert into STU_CRIC2469.PLAYERSTATS (PLAYER_ID,GAME_ID,POINTS,REBOUNDS,ASSISTS) values (32,76,null,null,null);
Insert into STU_CRIC2469.PLAYERSTATS (PLAYER_ID,GAME_ID,POINTS,REBOUNDS,ASSISTS) values (32,77,null,null,null);
Insert into STU_CRIC2469.PLAYERSTATS (PLAYER_ID,GAME_ID,POINTS,REBOUNDS,ASSISTS) values (32,78,null,null,null);
Insert into STU_CRIC2469.PLAYERSTATS (PLAYER_ID,GAME_ID,POINTS,REBOUNDS,ASSISTS) values (32,79,null,null,null);
Insert into STU_CRIC2469.PLAYERSTATS (PLAYER_ID,GAME_ID,POINTS,REBOUNDS,ASSISTS) values (32,80,null,null,null);
Insert into STU_CRIC2469.PLAYERSTATS (PLAYER_ID,GAME_ID,POINTS,REBOUNDS,ASSISTS) values (32,81,11,5,8);
Insert into STU_CRIC2469.PLAYERSTATS (PLAYER_ID,GAME_ID,POINTS,REBOUNDS,ASSISTS) values (32,82,10,6,2);

-- Mike Conley
Insert into STU_CRIC2469.PLAYERSTATS (PLAYER_ID,GAME_ID,POINTS,REBOUNDS,ASSISTS) values (10,1,11,4,3);
Insert into STU_CRIC2469.PLAYERSTATS (PLAYER_ID,GAME_ID,POINTS,REBOUNDS,ASSISTS) values (10,2,14,4,5);
Insert into STU_CRIC2469.PLAYERSTATS (PLAYER_ID,GAME_ID,POINTS,REBOUNDS,ASSISTS) values (10,3,6,2,3);
Insert into STU_CRIC2469.PLAYERSTATS (PLAYER_ID,GAME_ID,POINTS,REBOUNDS,ASSISTS) values (10,4,17,3,6);
Insert into STU_CRIC2469.PLAYERSTATS (PLAYER_ID,GAME_ID,POINTS,REBOUNDS,ASSISTS) values (10,5,7,3,6);
Insert into STU_CRIC2469.PLAYERSTATS (PLAYER_ID,GAME_ID,POINTS,REBOUNDS,ASSISTS) values (10,6,8,2,3);
Insert into STU_CRIC2469.PLAYERSTATS (PLAYER_ID,GAME_ID,POINTS,REBOUNDS,ASSISTS) values (10,7,12,4,4);
Insert into STU_CRIC2469.PLAYERSTATS (PLAYER_ID,GAME_ID,POINTS,REBOUNDS,ASSISTS) values (10,8,11,3,6);
Insert into STU_CRIC2469.PLAYERSTATS (PLAYER_ID,GAME_ID,POINTS,REBOUNDS,ASSISTS) values (10,9,8,5,9);
Insert into STU_CRIC2469.PLAYERSTATS (PLAYER_ID,GAME_ID,POINTS,REBOUNDS,ASSISTS) values (10,10,13,2,8);
Insert into STU_CRIC2469.PLAYERSTATS (PLAYER_ID,GAME_ID,POINTS,REBOUNDS,ASSISTS) values (10,11,14,2,3);
Insert into STU_CRIC2469.PLAYERSTATS (PLAYER_ID,GAME_ID,POINTS,REBOUNDS,ASSISTS) values (10,12,5,3,5);
Insert into STU_CRIC2469.PLAYERSTATS (PLAYER_ID,GAME_ID,POINTS,REBOUNDS,ASSISTS) values (10,13,11,1,5);
Insert into STU_CRIC2469.PLAYERSTATS (PLAYER_ID,GAME_ID,POINTS,REBOUNDS,ASSISTS) values (10,14,5,0,8);
Insert into STU_CRIC2469.PLAYERSTATS (PLAYER_ID,GAME_ID,POINTS,REBOUNDS,ASSISTS) values (10,15,6,3,9);
Insert into STU_CRIC2469.PLAYERSTATS (PLAYER_ID,GAME_ID,POINTS,REBOUNDS,ASSISTS) values (10,16,18,4,10);
Insert into STU_CRIC2469.PLAYERSTATS (PLAYER_ID,GAME_ID,POINTS,REBOUNDS,ASSISTS) values (10,17,9,2,8);
Insert into STU_CRIC2469.PLAYERSTATS (PLAYER_ID,GAME_ID,POINTS,REBOUNDS,ASSISTS) values (10,18,8,3,7);
Insert into STU_CRIC2469.PLAYERSTATS (PLAYER_ID,GAME_ID,POINTS,REBOUNDS,ASSISTS) values (10,19,14,5,10);
Insert into STU_CRIC2469.PLAYERSTATS (PLAYER_ID,GAME_ID,POINTS,REBOUNDS,ASSISTS) values (10,20,18,4,4);
Insert into STU_CRIC2469.PLAYERSTATS (PLAYER_ID,GAME_ID,POINTS,REBOUNDS,ASSISTS) values (10,21,19,4,7);
Insert into STU_CRIC2469.PLAYERSTATS (PLAYER_ID,GAME_ID,POINTS,REBOUNDS,ASSISTS) values (10,22,17,5,7);
Insert into STU_CRIC2469.PLAYERSTATS (PLAYER_ID,GAME_ID,POINTS,REBOUNDS,ASSISTS) values (10,23,14,2,3);
Insert into STU_CRIC2469.PLAYERSTATS (PLAYER_ID,GAME_ID,POINTS,REBOUNDS,ASSISTS) values (10,24,5,2,9);
Insert into STU_CRIC2469.PLAYERSTATS (PLAYER_ID,GAME_ID,POINTS,REBOUNDS,ASSISTS) values (10,25,14,1,6);
Insert into STU_CRIC2469.PLAYERSTATS (PLAYER_ID,GAME_ID,POINTS,REBOUNDS,ASSISTS) values (10,26,9,0,4);
Insert into STU_CRIC2469.PLAYERSTATS (PLAYER_ID,GAME_ID,POINTS,REBOUNDS,ASSISTS) values (10,27,16,1,8);
Insert into STU_CRIC2469.PLAYERSTATS (PLAYER_ID,GAME_ID,POINTS,REBOUNDS,ASSISTS) values (10,28,12,7,9);
Insert into STU_CRIC2469.PLAYERSTATS (PLAYER_ID,GAME_ID,POINTS,REBOUNDS,ASSISTS) values (10,29,17,2,4);
Insert into STU_CRIC2469.PLAYERSTATS (PLAYER_ID,GAME_ID,POINTS,REBOUNDS,ASSISTS) values (10,30,10,2,6);
Insert into STU_CRIC2469.PLAYERSTATS (PLAYER_ID,GAME_ID,POINTS,REBOUNDS,ASSISTS) values (10,31,15,4,7);
Insert into STU_CRIC2469.PLAYERSTATS (PLAYER_ID,GAME_ID,POINTS,REBOUNDS,ASSISTS) values (10,32,5,2,5);
Insert into STU_CRIC2469.PLAYERSTATS (PLAYER_ID,GAME_ID,POINTS,REBOUNDS,ASSISTS) values (10,33,7,0,9);
Insert into STU_CRIC2469.PLAYERSTATS (PLAYER_ID,GAME_ID,POINTS,REBOUNDS,ASSISTS) values (10,34,8,2,5);
Insert into STU_CRIC2469.PLAYERSTATS (PLAYER_ID,GAME_ID,POINTS,REBOUNDS,ASSISTS) values (10,35,9,1,7);
Insert into STU_CRIC2469.PLAYERSTATS (PLAYER_ID,GAME_ID,POINTS,REBOUNDS,ASSISTS) values (10,36,11,3,10);
Insert into STU_CRIC2469.PLAYERSTATS (PLAYER_ID,GAME_ID,POINTS,REBOUNDS,ASSISTS) values (10,37,null,null,null);
Insert into STU_CRIC2469.PLAYERSTATS (PLAYER_ID,GAME_ID,POINTS,REBOUNDS,ASSISTS) values (10,38,9,4,10);
Insert into STU_CRIC2469.PLAYERSTATS (PLAYER_ID,GAME_ID,POINTS,REBOUNDS,ASSISTS) values (10,39,6,2,5);
Insert into STU_CRIC2469.PLAYERSTATS (PLAYER_ID,GAME_ID,POINTS,REBOUNDS,ASSISTS) values (10,40,8,3,7);
Insert into STU_CRIC2469.PLAYERSTATS (PLAYER_ID,GAME_ID,POINTS,REBOUNDS,ASSISTS) values (10,41,17,4,10);
Insert into STU_CRIC2469.PLAYERSTATS (PLAYER_ID,GAME_ID,POINTS,REBOUNDS,ASSISTS) values (10,42,3,3,4);
Insert into STU_CRIC2469.PLAYERSTATS (PLAYER_ID,GAME_ID,POINTS,REBOUNDS,ASSISTS) values (10,43,null,null,null);
Insert into STU_CRIC2469.PLAYERSTATS (PLAYER_ID,GAME_ID,POINTS,REBOUNDS,ASSISTS) values (10,44,null,null,null);
Insert into STU_CRIC2469.PLAYERSTATS (PLAYER_ID,GAME_ID,POINTS,REBOUNDS,ASSISTS) values (10,45,10,2,4);
Insert into STU_CRIC2469.PLAYERSTATS (PLAYER_ID,GAME_ID,POINTS,REBOUNDS,ASSISTS) values (10,46,null,null,null);
Insert into STU_CRIC2469.PLAYERSTATS (PLAYER_ID,GAME_ID,POINTS,REBOUNDS,ASSISTS) values (10,47,null,null,null);
Insert into STU_CRIC2469.PLAYERSTATS (PLAYER_ID,GAME_ID,POINTS,REBOUNDS,ASSISTS) values (10,48,10,4,3);
Insert into STU_CRIC2469.PLAYERSTATS (PLAYER_ID,GAME_ID,POINTS,REBOUNDS,ASSISTS) values (10,49,4,5,9);
Insert into STU_CRIC2469.PLAYERSTATS (PLAYER_ID,GAME_ID,POINTS,REBOUNDS,ASSISTS) values (10,50,8,3,9);
Insert into STU_CRIC2469.PLAYERSTATS (PLAYER_ID,GAME_ID,POINTS,REBOUNDS,ASSISTS) values (10,51,9,0,8);
Insert into STU_CRIC2469.PLAYERSTATS (PLAYER_ID,GAME_ID,POINTS,REBOUNDS,ASSISTS) values (10,52,18,5,9);
Insert into STU_CRIC2469.PLAYERSTATS (PLAYER_ID,GAME_ID,POINTS,REBOUNDS,ASSISTS) values (10,53,5,4,7);
Insert into STU_CRIC2469.PLAYERSTATS (PLAYER_ID,GAME_ID,POINTS,REBOUNDS,ASSISTS) values (10,54,7,4,6);
Insert into STU_CRIC2469.PLAYERSTATS (PLAYER_ID,GAME_ID,POINTS,REBOUNDS,ASSISTS) values (10,55,12,4,3);
Insert into STU_CRIC2469.PLAYERSTATS (PLAYER_ID,GAME_ID,POINTS,REBOUNDS,ASSISTS) values (10,56,9,2,2);
Insert into STU_CRIC2469.PLAYERSTATS (PLAYER_ID,GAME_ID,POINTS,REBOUNDS,ASSISTS) values (10,57,14,3,3);
Insert into STU_CRIC2469.PLAYERSTATS (PLAYER_ID,GAME_ID,POINTS,REBOUNDS,ASSISTS) values (10,58,16,0,1);
Insert into STU_CRIC2469.PLAYERSTATS (PLAYER_ID,GAME_ID,POINTS,REBOUNDS,ASSISTS) values (10,59,4,5,7);
Insert into STU_CRIC2469.PLAYERSTATS (PLAYER_ID,GAME_ID,POINTS,REBOUNDS,ASSISTS) values (10,60,14,3,8);
Insert into STU_CRIC2469.PLAYERSTATS (PLAYER_ID,GAME_ID,POINTS,REBOUNDS,ASSISTS) values (10,61,0,7,5);
Insert into STU_CRIC2469.PLAYERSTATS (PLAYER_ID,GAME_ID,POINTS,REBOUNDS,ASSISTS) values (10,62,19,2,7);
Insert into STU_CRIC2469.PLAYERSTATS (PLAYER_ID,GAME_ID,POINTS,REBOUNDS,ASSISTS) values (10,63,5,5,4);
Insert into STU_CRIC2469.PLAYERSTATS (PLAYER_ID,GAME_ID,POINTS,REBOUNDS,ASSISTS) values (10,64,9,3,5);
Insert into STU_CRIC2469.PLAYERSTATS (PLAYER_ID,GAME_ID,POINTS,REBOUNDS,ASSISTS) values (10,65,9,3,6);
Insert into STU_CRIC2469.PLAYERSTATS (PLAYER_ID,GAME_ID,POINTS,REBOUNDS,ASSISTS) values (10,66,23,3,3);
Insert into STU_CRIC2469.PLAYERSTATS (PLAYER_ID,GAME_ID,POINTS,REBOUNDS,ASSISTS) values (10,67,25,2,2);
Insert into STU_CRIC2469.PLAYERSTATS (PLAYER_ID,GAME_ID,POINTS,REBOUNDS,ASSISTS) values (10,68,4,1,2);
Insert into STU_CRIC2469.PLAYERSTATS (PLAYER_ID,GAME_ID,POINTS,REBOUNDS,ASSISTS) values (10,69,13,6,5);
Insert into STU_CRIC2469.PLAYERSTATS (PLAYER_ID,GAME_ID,POINTS,REBOUNDS,ASSISTS) values (10,70,21,2,6);
Insert into STU_CRIC2469.PLAYERSTATS (PLAYER_ID,GAME_ID,POINTS,REBOUNDS,ASSISTS) values (10,71,14,1,7);
Insert into STU_CRIC2469.PLAYERSTATS (PLAYER_ID,GAME_ID,POINTS,REBOUNDS,ASSISTS) values (10,72,9,0,7);
Insert into STU_CRIC2469.PLAYERSTATS (PLAYER_ID,GAME_ID,POINTS,REBOUNDS,ASSISTS) values (10,73,23,3,8);
Insert into STU_CRIC2469.PLAYERSTATS (PLAYER_ID,GAME_ID,POINTS,REBOUNDS,ASSISTS) values (10,74,19,1,7);
Insert into STU_CRIC2469.PLAYERSTATS (PLAYER_ID,GAME_ID,POINTS,REBOUNDS,ASSISTS) values (10,75,14,2,6);
Insert into STU_CRIC2469.PLAYERSTATS (PLAYER_ID,GAME_ID,POINTS,REBOUNDS,ASSISTS) values (10,76,null,null,null);
Insert into STU_CRIC2469.PLAYERSTATS (PLAYER_ID,GAME_ID,POINTS,REBOUNDS,ASSISTS) values (10,77,5,0,3);
Insert into STU_CRIC2469.PLAYERSTATS (PLAYER_ID,GAME_ID,POINTS,REBOUNDS,ASSISTS) values (10,78,7,4,6);
Insert into STU_CRIC2469.PLAYERSTATS (PLAYER_ID,GAME_ID,POINTS,REBOUNDS,ASSISTS) values (10,79,15,2,3);
Insert into STU_CRIC2469.PLAYERSTATS (PLAYER_ID,GAME_ID,POINTS,REBOUNDS,ASSISTS) values (10,80,19,4,2);
Insert into STU_CRIC2469.PLAYERSTATS (PLAYER_ID,GAME_ID,POINTS,REBOUNDS,ASSISTS) values (10,81,13,6,10);
Insert into STU_CRIC2469.PLAYERSTATS (PLAYER_ID,GAME_ID,POINTS,REBOUNDS,ASSISTS) values (10,82,17,4,2);

-- Naz Reid
Insert into STU_CRIC2469.PLAYERSTATS (PLAYER_ID,GAME_ID,POINTS,REBOUNDS,ASSISTS) values (11,1,10,4,1);
Insert into STU_CRIC2469.PLAYERSTATS (PLAYER_ID,GAME_ID,POINTS,REBOUNDS,ASSISTS) values (11,2,25,8,1);
Insert into STU_CRIC2469.PLAYERSTATS (PLAYER_ID,GAME_ID,POINTS,REBOUNDS,ASSISTS) values (11,3,13,1,0);
Insert into STU_CRIC2469.PLAYERSTATS (PLAYER_ID,GAME_ID,POINTS,REBOUNDS,ASSISTS) values (11,4,16,5,1);
Insert into STU_CRIC2469.PLAYERSTATS (PLAYER_ID,GAME_ID,POINTS,REBOUNDS,ASSISTS) values (11,5,16,5,1);
Insert into STU_CRIC2469.PLAYERSTATS (PLAYER_ID,GAME_ID,POINTS,REBOUNDS,ASSISTS) values (11,6,14,4,2);
Insert into STU_CRIC2469.PLAYERSTATS (PLAYER_ID,GAME_ID,POINTS,REBOUNDS,ASSISTS) values (11,7,9,4,0);
Insert into STU_CRIC2469.PLAYERSTATS (PLAYER_ID,GAME_ID,POINTS,REBOUNDS,ASSISTS) values (11,8,7,3,0);
Insert into STU_CRIC2469.PLAYERSTATS (PLAYER_ID,GAME_ID,POINTS,REBOUNDS,ASSISTS) values (11,9,10,6,2);
Insert into STU_CRIC2469.PLAYERSTATS (PLAYER_ID,GAME_ID,POINTS,REBOUNDS,ASSISTS) values (11,10,10,2,0);
Insert into STU_CRIC2469.PLAYERSTATS (PLAYER_ID,GAME_ID,POINTS,REBOUNDS,ASSISTS) values (11,11,13,4,0);
Insert into STU_CRIC2469.PLAYERSTATS (PLAYER_ID,GAME_ID,POINTS,REBOUNDS,ASSISTS) values (11,12,8,1,0);
Insert into STU_CRIC2469.PLAYERSTATS (PLAYER_ID,GAME_ID,POINTS,REBOUNDS,ASSISTS) values (11,13,10,3,1);
Insert into STU_CRIC2469.PLAYERSTATS (PLAYER_ID,GAME_ID,POINTS,REBOUNDS,ASSISTS) values (11,14,13,4,0);
Insert into STU_CRIC2469.PLAYERSTATS (PLAYER_ID,GAME_ID,POINTS,REBOUNDS,ASSISTS) values (11,15,9,1,0);
Insert into STU_CRIC2469.PLAYERSTATS (PLAYER_ID,GAME_ID,POINTS,REBOUNDS,ASSISTS) values (11,16,12,6,0);
Insert into STU_CRIC2469.PLAYERSTATS (PLAYER_ID,GAME_ID,POINTS,REBOUNDS,ASSISTS) values (11,17,15,7,2);
Insert into STU_CRIC2469.PLAYERSTATS (PLAYER_ID,GAME_ID,POINTS,REBOUNDS,ASSISTS) values (11,18,6,3,0);
Insert into STU_CRIC2469.PLAYERSTATS (PLAYER_ID,GAME_ID,POINTS,REBOUNDS,ASSISTS) values (11,19,23,5,2);
Insert into STU_CRIC2469.PLAYERSTATS (PLAYER_ID,GAME_ID,POINTS,REBOUNDS,ASSISTS) values (11,20,15,9,2);
Insert into STU_CRIC2469.PLAYERSTATS (PLAYER_ID,GAME_ID,POINTS,REBOUNDS,ASSISTS) values (11,21,10,9,2);
Insert into STU_CRIC2469.PLAYERSTATS (PLAYER_ID,GAME_ID,POINTS,REBOUNDS,ASSISTS) values (11,22,17,6,2);
Insert into STU_CRIC2469.PLAYERSTATS (PLAYER_ID,GAME_ID,POINTS,REBOUNDS,ASSISTS) values (11,23,27,6,3);
Insert into STU_CRIC2469.PLAYERSTATS (PLAYER_ID,GAME_ID,POINTS,REBOUNDS,ASSISTS) values (11,24,17,5,0);
Insert into STU_CRIC2469.PLAYERSTATS (PLAYER_ID,GAME_ID,POINTS,REBOUNDS,ASSISTS) values (11,25,13,4,1);
Insert into STU_CRIC2469.PLAYERSTATS (PLAYER_ID,GAME_ID,POINTS,REBOUNDS,ASSISTS) values (11,26,10,2,1);
Insert into STU_CRIC2469.PLAYERSTATS (PLAYER_ID,GAME_ID,POINTS,REBOUNDS,ASSISTS) values (11,27,9,5,2);
Insert into STU_CRIC2469.PLAYERSTATS (PLAYER_ID,GAME_ID,POINTS,REBOUNDS,ASSISTS) values (11,28,6,2,2);
Insert into STU_CRIC2469.PLAYERSTATS (PLAYER_ID,GAME_ID,POINTS,REBOUNDS,ASSISTS) values (11,29,6,7,0);
Insert into STU_CRIC2469.PLAYERSTATS (PLAYER_ID,GAME_ID,POINTS,REBOUNDS,ASSISTS) values (11,30,9,4,2);
Insert into STU_CRIC2469.PLAYERSTATS (PLAYER_ID,GAME_ID,POINTS,REBOUNDS,ASSISTS) values (11,31,21,5,1);
Insert into STU_CRIC2469.PLAYERSTATS (PLAYER_ID,GAME_ID,POINTS,REBOUNDS,ASSISTS) values (11,32,5,2,0);
Insert into STU_CRIC2469.PLAYERSTATS (PLAYER_ID,GAME_ID,POINTS,REBOUNDS,ASSISTS) values (11,33,8,6,2);
Insert into STU_CRIC2469.PLAYERSTATS (PLAYER_ID,GAME_ID,POINTS,REBOUNDS,ASSISTS) values (11,34,16,7,2);
Insert into STU_CRIC2469.PLAYERSTATS (PLAYER_ID,GAME_ID,POINTS,REBOUNDS,ASSISTS) values (11,35,15,9,0);
Insert into STU_CRIC2469.PLAYERSTATS (PLAYER_ID,GAME_ID,POINTS,REBOUNDS,ASSISTS) values (11,36,13,10,2);
Insert into STU_CRIC2469.PLAYERSTATS (PLAYER_ID,GAME_ID,POINTS,REBOUNDS,ASSISTS) values (11,37,19,10,3);
Insert into STU_CRIC2469.PLAYERSTATS (PLAYER_ID,GAME_ID,POINTS,REBOUNDS,ASSISTS) values (11,38,14,3,1);
Insert into STU_CRIC2469.PLAYERSTATS (PLAYER_ID,GAME_ID,POINTS,REBOUNDS,ASSISTS) values (11,39,8,1,1);
Insert into STU_CRIC2469.PLAYERSTATS (PLAYER_ID,GAME_ID,POINTS,REBOUNDS,ASSISTS) values (11,40,9,4,1);
Insert into STU_CRIC2469.PLAYERSTATS (PLAYER_ID,GAME_ID,POINTS,REBOUNDS,ASSISTS) values (11,41,20,3,1);
Insert into STU_CRIC2469.PLAYERSTATS (PLAYER_ID,GAME_ID,POINTS,REBOUNDS,ASSISTS) values (11,42,18,3,0);
Insert into STU_CRIC2469.PLAYERSTATS (PLAYER_ID,GAME_ID,POINTS,REBOUNDS,ASSISTS) values (11,43,5,0,0);
Insert into STU_CRIC2469.PLAYERSTATS (PLAYER_ID,GAME_ID,POINTS,REBOUNDS,ASSISTS) values (11,44,5,3,2);
Insert into STU_CRIC2469.PLAYERSTATS (PLAYER_ID,GAME_ID,POINTS,REBOUNDS,ASSISTS) values (11,45,5,4,2);
Insert into STU_CRIC2469.PLAYERSTATS (PLAYER_ID,GAME_ID,POINTS,REBOUNDS,ASSISTS) values (11,46,13,2,0);
Insert into STU_CRIC2469.PLAYERSTATS (PLAYER_ID,GAME_ID,POINTS,REBOUNDS,ASSISTS) values (11,47,9,5,2);
Insert into STU_CRIC2469.PLAYERSTATS (PLAYER_ID,GAME_ID,POINTS,REBOUNDS,ASSISTS) values (11,48,12,8,2);
Insert into STU_CRIC2469.PLAYERSTATS (PLAYER_ID,GAME_ID,POINTS,REBOUNDS,ASSISTS) values (11,49,9,5,1);
Insert into STU_CRIC2469.PLAYERSTATS (PLAYER_ID,GAME_ID,POINTS,REBOUNDS,ASSISTS) values (11,50,13,6,0);
Insert into STU_CRIC2469.PLAYERSTATS (PLAYER_ID,GAME_ID,POINTS,REBOUNDS,ASSISTS) values (11,51,10,4,2);
Insert into STU_CRIC2469.PLAYERSTATS (PLAYER_ID,GAME_ID,POINTS,REBOUNDS,ASSISTS) values (11,52,17,4,0);
Insert into STU_CRIC2469.PLAYERSTATS (PLAYER_ID,GAME_ID,POINTS,REBOUNDS,ASSISTS) values (11,53,11,7,1);
Insert into STU_CRIC2469.PLAYERSTATS (PLAYER_ID,GAME_ID,POINTS,REBOUNDS,ASSISTS) values (11,54,10,3,1);
Insert into STU_CRIC2469.PLAYERSTATS (PLAYER_ID,GAME_ID,POINTS,REBOUNDS,ASSISTS) values (11,55,10,3,0);
Insert into STU_CRIC2469.PLAYERSTATS (PLAYER_ID,GAME_ID,POINTS,REBOUNDS,ASSISTS) values (11,56,8,4,1);
Insert into STU_CRIC2469.PLAYERSTATS (PLAYER_ID,GAME_ID,POINTS,REBOUNDS,ASSISTS) values (11,57,6,9,1);
Insert into STU_CRIC2469.PLAYERSTATS (PLAYER_ID,GAME_ID,POINTS,REBOUNDS,ASSISTS) values (11,58,22,6,1);
Insert into STU_CRIC2469.PLAYERSTATS (PLAYER_ID,GAME_ID,POINTS,REBOUNDS,ASSISTS) values (11,59,19,6,2);
Insert into STU_CRIC2469.PLAYERSTATS (PLAYER_ID,GAME_ID,POINTS,REBOUNDS,ASSISTS) values (11,60,18,7,3);
Insert into STU_CRIC2469.PLAYERSTATS (PLAYER_ID,GAME_ID,POINTS,REBOUNDS,ASSISTS) values (11,61,3,11,2);
Insert into STU_CRIC2469.PLAYERSTATS (PLAYER_ID,GAME_ID,POINTS,REBOUNDS,ASSISTS) values (11,62,12,5,0);
Insert into STU_CRIC2469.PLAYERSTATS (PLAYER_ID,GAME_ID,POINTS,REBOUNDS,ASSISTS) values (11,63,13,8,2);
Insert into STU_CRIC2469.PLAYERSTATS (PLAYER_ID,GAME_ID,POINTS,REBOUNDS,ASSISTS) values (11,64,34,5,2);
Insert into STU_CRIC2469.PLAYERSTATS (PLAYER_ID,GAME_ID,POINTS,REBOUNDS,ASSISTS) values (11,65,25,5,3);
Insert into STU_CRIC2469.PLAYERSTATS (PLAYER_ID,GAME_ID,POINTS,REBOUNDS,ASSISTS) values (11,66,6,5,3);
Insert into STU_CRIC2469.PLAYERSTATS (PLAYER_ID,GAME_ID,POINTS,REBOUNDS,ASSISTS) values (11,67,22,12,5);
Insert into STU_CRIC2469.PLAYERSTATS (PLAYER_ID,GAME_ID,POINTS,REBOUNDS,ASSISTS) values (11,68,17,4,0);
Insert into STU_CRIC2469.PLAYERSTATS (PLAYER_ID,GAME_ID,POINTS,REBOUNDS,ASSISTS) values (11,69,null,null,null);
Insert into STU_CRIC2469.PLAYERSTATS (PLAYER_ID,GAME_ID,POINTS,REBOUNDS,ASSISTS) values (11,70,18,3,3);
Insert into STU_CRIC2469.PLAYERSTATS (PLAYER_ID,GAME_ID,POINTS,REBOUNDS,ASSISTS) values (11,71,20,12,0);
Insert into STU_CRIC2469.PLAYERSTATS (PLAYER_ID,GAME_ID,POINTS,REBOUNDS,ASSISTS) values (11,72,21,10,4);
Insert into STU_CRIC2469.PLAYERSTATS (PLAYER_ID,GAME_ID,POINTS,REBOUNDS,ASSISTS) values (11,73,7,6,2);
Insert into STU_CRIC2469.PLAYERSTATS (PLAYER_ID,GAME_ID,POINTS,REBOUNDS,ASSISTS) values (11,74,14,3,4);
Insert into STU_CRIC2469.PLAYERSTATS (PLAYER_ID,GAME_ID,POINTS,REBOUNDS,ASSISTS) values (11,75,25,6,2);
Insert into STU_CRIC2469.PLAYERSTATS (PLAYER_ID,GAME_ID,POINTS,REBOUNDS,ASSISTS) values (11,76,23,7,1);
Insert into STU_CRIC2469.PLAYERSTATS (PLAYER_ID,GAME_ID,POINTS,REBOUNDS,ASSISTS) values (11,77,8,11,2);
Insert into STU_CRIC2469.PLAYERSTATS (PLAYER_ID,GAME_ID,POINTS,REBOUNDS,ASSISTS) values (11,78,31,11,1);
Insert into STU_CRIC2469.PLAYERSTATS (PLAYER_ID,GAME_ID,POINTS,REBOUNDS,ASSISTS) values (11,79,3,2,0);
Insert into STU_CRIC2469.PLAYERSTATS (PLAYER_ID,GAME_ID,POINTS,REBOUNDS,ASSISTS) values (11,80,13,6,2);
Insert into STU_CRIC2469.PLAYERSTATS (PLAYER_ID,GAME_ID,POINTS,REBOUNDS,ASSISTS) values (11,81,19,3,2);
Insert into STU_CRIC2469.PLAYERSTATS (PLAYER_ID,GAME_ID,POINTS,REBOUNDS,ASSISTS) values (11,82,10,4,1);